{
  "type" : "FeatureCollection",
  "features" : [{"type":"Feature","id":0,"geometry":{"type":"MultiPolygon","coordinates":[[[[56.176873377087496,25.341595654151739],[56.176094735820769,25.349456496269426],[56.174596526449527,25.354965476148962],[56.16468056437342,25.347988580441903],[56.163638342048579,25.347255185952573],[56.162354644699128,25.344629174379882],[56.160361611213901,25.344003782232956],[56.160378903153536,25.342938334363218],[56.155989237364828,25.341152386107495],[56.155521788671109,25.341212917246974],[56.15502638575029,25.339575637066201],[56.153124530210192,25.337289142672724],[56.151121846146253,25.332374298197944],[56.150034033163372,25.331636592359953],[56.148797033464319,25.328080639976381],[56.146584443461876,25.326225711033988],[56.145818056787611,25.325002213270373],[56.14552654859645,25.32452398923234],[56.145482004866977,25.324359287321371],[56.145776055620523,25.324070157468622],[56.146009075643754,25.324043537384863],[56.146416216228545,25.323709084057715],[56.14628950633309,25.323415328331979],[56.145761078514653,25.322941761441083],[56.145712930690415,25.322743754790402],[56.146029053180754,25.322587736085556],[56.146473784259861,25.322179635264678],[56.146476248370611,25.322016919734729],[56.145878772499437,25.322056137063388],[56.145582450065341,25.32192223202528],[56.145309646016095,25.32150865018107],[56.144994958819503,25.32125528811136],[56.144346145530413,25.320936140714647],[56.143942592411356,25.320120536721937],[56.143294935532317,25.319345714959329],[56.14303075670832,25.318517359046751],[56.142858344569376,25.318404278128394],[56.142762014314677,25.318021908058665],[56.142856973688971,25.317725382195469],[56.142929649318212,25.317440213817193],[56.143399699781384,25.317308528407992],[56.143639837236442,25.316280586139499],[56.143410875771707,25.316225338165765],[56.143216296545503,25.316006435608109],[56.14325608678957,25.31533201556859],[56.142826757065492,25.314459283438556],[56.142949090178632,25.313855799497873],[56.14289821294382,25.313544176872725],[56.157089831348721,25.311750239411264],[56.159841400318747,25.311402253115165],[56.160594390327212,25.311695505451379],[56.160871690057682,25.310378690354053],[56.160914988663578,25.308419405905333],[56.161570614418046,25.308423135753646],[56.162475576737656,25.308283797688546],[56.163121368234208,25.308140889065122],[56.163331588949141,25.307996906132722],[56.1633341117927,25.307994796569343],[56.163402760915076,25.307801436256117],[56.164211353646401,25.307228095569556],[56.167524191423503,25.306524428980101],[56.16780467559088,25.306182868166058],[56.167999900586935,25.306128722789857],[56.168304807001519,25.306044156671767],[56.168838969396766,25.306328683391335],[56.169021896671751,25.306279678611592],[56.169371703477466,25.306289206062047],[56.169608597731624,25.306416111357201],[56.169764946296802,25.306748348187345],[56.170385222798892,25.306929371629725],[56.170503341036849,25.306611600989253],[56.170815451273072,25.30659182695528],[56.171258531732256,25.306870591715199],[56.171506005081625,25.30678243717712],[56.1718181453478,25.306796873592788],[56.171990073121925,25.307172654014696],[56.172193058319344,25.307305956779036],[56.172434075486528,25.307312613166783],[56.172884243653264,25.307409307987363],[56.173069461913585,25.307663685025659],[56.17290134339833,25.307946567580974],[56.17320406626763,25.308240741914556],[56.173391628705978,25.308830851528523],[56.173657816729239,25.309017713017081],[56.173903845300636,25.309063327597013],[56.174111064009011,25.309254615823846],[56.174394461284052,25.30931510383331],[56.174576730477867,25.309301858635216],[56.174598835284804,25.309385398994088],[56.175129396787376,25.30936500478839],[56.176072137361658,25.309980166914571],[56.17641907985584,25.310123833148111],[56.176815459128029,25.310458319151056],[56.17750019697759,25.310598820798443],[56.177454792891396,25.309836195130838],[56.177371861826288,25.309136385726397],[56.177474055066469,25.308451615754098],[56.177720566721462,25.307871451836611],[56.178033524011525,25.307508875678188],[56.178787841167896,25.307097745655089],[56.179164213305015,25.306979284784084],[56.179991921382594,25.306943833727729],[56.18046225944601,25.30687430078337],[56.180956239130161,25.306722436329729],[56.181212865150194,25.30669806890435],[56.181606062292389,25.306558271171486],[56.181901576295104,25.306592216433959],[56.182015495241927,25.306766239619161],[56.182721779234754,25.307165536027572],[56.183300067808453,25.30680024690821],[56.183579394764301,25.306452866833755],[56.184120314708998,25.3063498607764],[56.185980441559416,25.30520071755727],[56.186220637762595,25.30481003697545],[56.186386425701571,25.304185843189526],[56.186331208052742,25.303504460069682],[56.186076904699306,25.303160822415272],[56.185788815206166,25.302907734439941],[56.18516761655939,25.302581892819795],[56.184865159110387,25.30257252390798],[56.184432336892151,25.302299304203157],[56.184642423488491,25.302099205847433],[56.184836772962292,25.301684465856638],[56.183533384829097,25.300859298825365],[56.182665024407925,25.299951664279391],[56.182381918915013,25.299590242095718],[56.182114651064232,25.299076040503842],[56.181877579686514,25.298842569681884],[56.181669116627432,25.298795004492739],[56.18125292603365,25.298587651660196],[56.180497855810266,25.298394291774233],[56.180188283748656,25.298172035396771],[56.179659978246178,25.298169171730152],[56.179051934209596,25.298630248803182],[56.178905753727065,25.298830685109863],[56.178640453880455,25.299003386432027],[56.1784368491994,25.29925453259693],[56.177648747021045,25.299234770771964],[56.177094085496087,25.299351717060066],[56.176871770939677,25.299466602059809],[56.176343510589803,25.29945598602588],[56.176114555769495,25.299660046852207],[56.175212106261966,25.299535163528748],[56.174608975986366,25.299031411627176],[56.174144804476128,25.298994048826479],[56.174026042124765,25.298916665553055],[56.173737532735501,25.298728677498289],[56.173140675925922,25.298531902456389],[56.17282690771691,25.298301867633544],[56.172438866726694,25.298350052602313],[56.17184181267497,25.298200006678954],[56.171547477493988,25.298252571335734],[56.171100636620444,25.298172726563322],[56.170522563356748,25.298606844099236],[56.16986636589283,25.298614852211116],[56.169635578548629,25.298445349767292],[56.169277907382714,25.296998515876844],[56.167930188874564,25.296530382292651],[56.167308966998284,25.295423206624069],[56.166654423989648,25.294256618786466],[56.150931455648454,25.279863254614],[56.150543343433625,25.279633721948194],[56.150412035155107,25.279416921337166],[56.150461629959239,25.279047038911024],[56.150696310876434,25.278743798564246],[56.151354658113775,25.278265805075744],[56.151786549298862,25.277640470982004],[56.151761330387153,25.277371173333542],[56.151514383898828,25.277009769665089],[56.15058066473042,25.276384554299632],[56.14999529001463,25.275953090999504],[56.14997000504696,25.275698295064327],[56.151210107714249,25.275582671125552],[56.152986287504625,25.27506958424047],[56.153247713434617,25.274609203442115],[56.153742340269744,25.274147972431614],[56.153722888038921,25.273825774280201],[56.153269999918983,25.273367372748744],[56.153912901747809,25.272925562967369],[56.154206541328726,25.272426888364347],[56.154818569810253,25.271850733197979],[56.155486534323309,25.271545776843332],[56.155763648329355,25.271204913353934],[56.155717644469739,25.270887571476592],[56.155225927533799,25.270803810851969],[56.15529697515651,25.270446859850981],[56.155965161163969,25.270093940600766],[56.156837815712578,25.269268699248819],[56.157187359878684,25.269154698946579],[56.157952307007598,25.268609033605482],[56.157862583331536,25.268536544276504],[56.157555235866354,25.268558606506005],[56.157375888221203,25.268447467438232],[56.157053206291138,25.268436518098589],[56.156684450338105,25.268122601010322],[56.156256220764952,25.268053599846322],[56.156098137832224,25.267889620850294],[56.156316494929804,25.267587705641837],[56.157400185271946,25.266941533937143],[56.157832213729236,25.266272416875918],[56.157851794426094,25.265474697316268],[56.157563736809315,25.264871168368728],[56.157541233219533,25.264033462378535],[56.158110608633855,25.263249626759585],[56.157336260596807,25.262040510366507],[56.15727406110085,25.261541179150971],[56.157147407894541,25.261012204190671],[56.156589142651995,25.260741807587021],[56.156247013389709,25.260465271178447],[56.15608505829718,25.260562458968426],[56.155640305325164,25.260658649846047],[56.155263774619357,25.260546978306685],[56.154786061084124,25.260508436057542],[56.154624740306382,25.260310348219011],[56.154173839301528,25.260265804394781],[56.153979483394991,25.260112110240815],[56.153818916574181,25.259866825300332],[56.153725183710527,25.259756405635457],[56.153334310198822,25.259570757879871],[56.153032007613014,25.259422737448862],[56.152783740573881,25.259232187488188],[56.152306122548929,25.259175191095903],[56.152031074534762,25.258984532184741],[56.151897820974902,25.258739355135827],[56.151702844655624,25.258010111961159],[56.151489601919025,25.257853667496473],[56.150661361699171,25.257490314828157],[56.15066165073938,25.25726831673839],[56.151950378258817,25.25472019274299],[56.15216711995614,25.254625129933221],[56.152532938998242,25.25446467908835],[56.153183480111949,25.254467324916988],[56.153746111005368,25.254102802010344],[56.154161242882537,25.254073855821929],[56.154487199806361,25.25388160589382],[56.154790122516097,25.253893001441345],[56.155049125546753,25.253659679826704],[56.155912861141339,25.253622378359804],[56.1561486674169,25.253572491684992],[56.15641884720624,25.253359548410533],[56.156486895698919,25.253176419062598],[56.156779384799556,25.253014531707116],[56.157244355493738,25.252931125934676],[56.157604044157786,25.252759340468589],[56.159229867241535,25.252816857919104],[56.159477034924592,25.252695582102799],[56.159768626691374,25.252717090721113],[56.160183852063881,25.252667792975803],[56.160319357468587,25.252474763595529],[56.160633839159949,25.252374092497401],[56.161076381017487,25.252046552903717],[56.161953703105901,25.251530484662013],[56.162785522050818,25.251146539854613],[56.163066159927709,25.251045854889593],[56.163147807818945,25.250434704189459],[56.16286887884894,25.25012791352113],[56.1625124096512,25.249637407213193],[56.162086163292258,25.249635701006031],[56.161693112379865,25.249766565181218],[56.161300391815629,25.249775158981048],[56.161021435385955,25.249529500806876],[56.161157350609258,25.24925106186253],[56.161215049221674,25.248874314101535],[56.160636990675933,25.247832699527581],[56.159874579758579,25.247809175492364],[56.159594774613296,25.24768578016279],[56.15909199060269,25.247296612272308],[56.158975100061689,25.247006989450309],[56.159100094630425,25.246655171509431],[56.159014065384234,25.246222431880124],[56.158452765728612,25.245570183295527],[56.158137912471183,25.244942820467895],[56.157591473449273,25.244956631977978],[56.157308803177038,25.245099623221883],[56.156551462338768,25.245008485284128],[56.156279978648541,25.244687096173017],[56.155990386604962,25.244421684956336],[56.155530748621686,25.244708087228524],[56.155089310071787,25.244866445957797],[56.15443942123273,25.244954942992692],[56.154147579941807,25.245148857201027],[56.153850183380847,25.245084736401456],[56.153106707218143,25.243827242314808],[56.15307316644332,25.243606968669653],[56.152748162269035,25.243397076950394],[56.152533885971337,25.243339646697351],[56.151944255410577,25.242764865524038],[56.151297075674634,25.242717541824746],[56.150854519620552,25.242570970031839],[56.150351581495862,25.241957441340222],[56.149880756082908,25.241746566467931],[56.149473742739005,25.24146808030941],[56.149294764168673,25.241221918752618],[56.148829147895796,25.241231708112075],[56.148015454686806,25.241933016730517],[56.147619820155775,25.242164241508192],[56.147120336268195,25.242338353090588],[56.146912946585971,25.242268359265328],[56.14609128632565,25.241402358843388],[56.145823270378848,25.241023770501833],[56.145450408662185,25.240789390001932],[56.144438083517251,25.240766028985995],[56.144099062817403,25.240689134665022],[56.143782531315097,25.240310342907307],[56.143590173852381,25.239804582247498],[56.142991308148524,25.238976470190082],[56.142410648149813,25.238810492721523],[56.142085208158662,25.238536899380698],[56.141906542776738,25.238284502887517],[56.141824344153008,25.238095419834529],[56.141423582294863,25.237936410891127],[56.141320506906702,25.237778762107578],[56.140995207993655,25.237739665863007],[56.140814709749115,25.237591990043516],[56.140551109698634,25.237697788254017],[56.140073500948105,25.237695806326279],[56.139075100146535,25.237307818377818],[56.136254590076774,25.236027134476718],[56.136190875712643,25.235685113570106],[56.135623372786739,25.235241769831401],[56.134880990712922,25.234384377420241],[56.134416128162343,25.234098778176293],[56.134018980053526,25.234017865205693],[56.133381878918094,25.233636960373246],[56.13295194174988,25.233304420499643],[56.132317876164116,25.23249923950878],[56.131942404035279,25.23180558685705],[56.131617125231884,25.231347945773219],[56.130807807456101,25.230871725172726],[56.129004270732018,25.230560351689796],[56.127156937663067,25.230156525221545],[56.126277351882571,25.229837006749758],[56.124740371393578,25.229560710859051],[56.123133668181552,25.229362555691974],[56.121163179034376,25.229256493711187],[56.119447154465028,25.229198196980867],[56.118964033696031,25.2290538702505],[56.117787909850797,25.229093954396735],[56.116906074025081,25.229088655430139],[56.115863157964981,25.228876132252502],[56.115242859720247,25.228573824113706],[56.114586952524213,25.228412728046607],[56.114070290823847,25.228126753834477],[56.113640886540999,25.22773130443591],[56.112899222782822,25.227475397691656],[56.111705247101476,25.227593897600002],[56.110480483989292,25.227193627222604],[56.109978942049331,25.2272063044806],[56.109392903683712,25.226951322963018],[56.108921922772211,25.226804680992007],[56.107668019359437,25.225665635209026],[56.106996464676129,25.225284409859341],[56.105870533174667,25.224852156397201],[56.104851564394238,25.224688808071534],[56.103745107041405,25.224666349107263],[56.102724172107678,25.224770117396499],[56.10220360831039,25.225018366765358],[56.101525804596818,25.22548565432907],[56.101262284605532,25.225879621159901],[56.100131083677766,25.226862701260899],[56.09941122871578,25.228041549957716],[56.098679309905549,25.228807064110722],[56.098228117766979,25.229024296272737],[56.095673252827019,25.23042656802502],[56.094817492613501,25.23111580975177],[56.094658712067691,25.231539118358818],[56.094585685154847,25.232057240803993],[56.094407972311245,25.232700433013271],[56.09389933684777,25.23325031976691],[56.09253097140769,25.233556159596812],[56.091595002958044,25.233848945136849],[56.091291723151983,25.234305474073739],[56.090112721750316,25.234722461821381],[56.089521865082382,25.235111659018546],[56.089327065043555,25.235723308801813],[56.089496920814767,25.236132934039272],[56.090182003696015,25.237017179563047],[56.090214117550971,25.237347378666588],[56.090105894187218,25.237943851921877],[56.089947793890573,25.238272872134008],[56.089495255860868,25.238662925195396],[56.088768279856211,25.238752703156461],[56.087819690011955,25.238416814358718],[56.087267169179633,25.238303381146412],[56.086282820990462,25.238124404712416],[56.085516293651693,25.238101986274479],[56.085013878663112,25.23822457204729],[56.084200203946558,25.238345215121843],[56.083489571375218,25.238560783080906],[56.08168953149795,25.238769539816118],[56.080738228033937,25.238795018010713],[56.079887101895217,25.238661738996431],[56.078835977059711,25.238168008860008],[56.078026353161185,25.237754358291237],[56.077528225682023,25.237311231385576],[56.077152100125183,25.236743156732537],[56.076869001902026,25.235311379747571],[56.075924588763719,25.233793427594303],[56.075269907191121,25.233475023332279],[56.072641747569868,25.233442742927163],[56.07214113957297,25.233329582387661],[56.069322735519748,25.232318646028041],[56.068737485497437,25.231969223355062],[56.068360573932978,25.231511120818102],[56.067655016419607,25.231066646350726],[56.066896988175841,25.230700406768445],[56.066480893502948,25.230681316802187],[56.06610184978372,25.230663926323825],[56.06405850143183,25.231043780798412],[56.063125517874084,25.230943549398642],[56.060133996216749,25.230278500371135],[56.056937270432861,25.229990876257926],[56.054389269220927,25.22998949191221],[56.051949071916134,25.230256624529297],[56.048717300296097,25.230031453329911],[56.043317328150557,25.229266273282029],[56.041537914408693,25.228788164583928],[56.03931994280839,25.228033051499388],[56.039334776353712,25.237514642772197],[56.022816491912529,25.239736034228294],[56.021672654186752,25.240499193512179],[56.020936967788124,25.240658506430318],[56.020116114020716,25.240696620464139],[56.01978619192932,25.240950473139605],[56.019729226027238,25.241291041708063],[56.019947620790226,25.242302739231512],[56.01987422714226,25.242763947283439],[56.019544109616547,25.243046203420711],[56.019145068197233,25.24311503157471],[56.018903176322411,25.243056890387102],[56.01864645574797,25.24287793975504],[56.018530558944917,25.242548195167899],[56.018541342523221,25.242100848239978],[56.018225028938268,25.241481265674892],[56.01800988860974,25.240926151659661],[56.017746726055869,25.240541214294062],[56.01743526162695,25.240369061993331],[56.016588383471856,25.240443901367144],[56.015803200443443,25.240993508913782],[56.015613418864838,25.241326242102396],[56.015343503918444,25.241724031660542],[56.014244709718497,25.242421036589789],[56.013811332853514,25.242576246281974],[56.013272756866179,25.242473846588954],[56.012969203478995,25.242287525570116],[56.012657171322303,25.242200580434172],[56.012226679208055,25.242297622138942],[56.008873249599354,25.243896239127476],[56.007382330906694,25.242874875297662],[56.003887828029193,25.244052329934547],[55.996173553073938,25.253689187240916],[56.000832978079913,25.227285088834396],[56.003877137610829,25.210027441251523],[55.984453664330772,25.205082347039028],[55.987594047787375,25.195324718212664],[55.990854236833236,25.18519300033266],[55.993615075643802,25.176611657080358],[55.994577827048005,25.173618881341035],[56.006659370146373,25.166828621998775],[56.005833670683359,25.152565216693368],[56.005771616358167,25.151493182626499],[56.003801612374154,25.139746092932462],[55.999483086675362,25.113987680238903],[55.998675934253633,25.109172229750584],[55.994067958159164,25.102577672855702],[55.99112699827667,25.098368379137206],[55.977270603781839,25.078531653163562],[55.982238370227755,25.067685955412834],[55.990447109003135,25.049759731945283],[55.993483645605508,25.043127039501197],[55.961111763199469,25.005606365375606],[56.00684301266574,24.994164945520971],[56.030194032230419,24.973097849646152],[56.045983342107753,24.968233198453266],[56.041396351191054,24.946530957832447],[56.063376870601488,24.947573802443152],[56.057552480413257,24.938312269501214],[56.05682005903823,24.937147512574448],[56.040898921521013,24.908419642423066],[56.041386086044376,24.89826525119922],[56.04184299390829,24.888739450463621],[56.051342085165636,24.876428447591902],[56.061778597525525,24.870805212351843],[56.081021596898694,24.862277903037995],[56.114756121155743,24.847319899270889],[56.132264288215687,24.839552229317643],[56.136162693590258,24.842805472813982],[56.139888981591135,24.844910642909792],[56.140122611189369,24.845042626180742],[56.141170424292582,24.845245360490932],[56.14545828974628,24.846074908228616],[56.154603500549719,24.847213148106775],[56.161114026237811,24.847284703051372],[56.166820006109958,24.846806164354199],[56.169887145361017,24.846874758482162],[56.173475423453574,24.847563811127991],[56.177065162288869,24.847897713993479],[56.179398766200677,24.848114728923473],[56.184616759908899,24.84956432717625],[56.190414130852503,24.847560856188892],[56.196215796311591,24.845146431179884],[56.196427324074008,24.845058395154783],[56.196518995718016,24.844971775231233],[56.200866378435052,24.840863744015444],[56.211548789962372,24.847425149025316],[56.226987811513503,24.8509995024768],[56.259196217830237,24.858450441591792],[56.270689022194787,24.867287614620658],[56.278128626588789,24.87300702771314],[56.280205364917535,24.874603422302933],[56.280584623870418,24.884858547320395],[56.281114868004316,24.891107233041861],[56.27265837936482,24.902353446531841],[56.272022455732511,24.903994640363038],[56.273254471759245,24.906077065504277],[56.268099426757097,24.906439234848602],[56.26743452868898,24.907434478395189],[56.264678794635778,24.907179423819205],[56.262928707084576,24.907704203648525],[56.261776950257691,24.907832146158171],[56.255400903384079,24.907609271411975],[56.254076727776706,24.91140420632993],[56.249154793302097,24.912812679000691],[56.245341367986619,24.915218512157495],[56.244038349178432,24.914684757104148],[56.240968762101524,24.913427301952751],[56.234925434603483,24.913406124891665],[56.234544225356707,24.913404781036142],[56.231881579165474,24.918185396154158],[56.228480321247773,24.925257692289915],[56.225338429380002,24.924301062505986],[56.221518446712551,24.921104928881164],[56.220170879000349,24.920609802170802],[56.21800994639905,24.920297885080995],[56.21664225549506,24.919769417455019],[56.216093220771427,24.919176718236734],[56.214962594267384,24.918520318183688],[56.214135484699092,24.917971910449619],[56.21242082019414,24.918460718407417],[56.211619844337079,24.919767158611286],[56.210733928853536,24.921264004942017],[56.209665180814632,24.922427056932285],[56.208688110782028,24.923552674040813],[56.208015713258497,24.923969013263019],[56.206511094305959,24.924143551464571],[56.205548888480976,24.927294673548417],[56.203911932855675,24.92869990907262],[56.204559272301331,24.931093773279798],[56.202698235449134,24.933767139492804],[56.20116623882906,24.933951107526767],[56.200529074154254,24.936230461646609],[56.196694737203238,24.939044327737641],[56.195706037567852,24.939489240093593],[56.194443458055538,24.93922911683206],[56.192938527828375,24.938977874309249],[56.192074958142683,24.938873349178827],[56.191462100497198,24.93937254831356],[56.190830699363396,24.940298066313083],[56.189995063895807,24.941673737382214],[56.188405427522333,24.942889760056371],[56.18754162010886,24.94394508727332],[56.187505573159839,24.944080485640892],[56.187242120237542,24.945070060835061],[56.187982304399704,24.945692754843122],[56.18853069582164,24.946154092824379],[56.19002165788001,24.946933691217964],[56.191118111805167,24.947659641252436],[56.195121646858169,24.951207347538269],[56.193924825298062,24.953058844834754],[56.193468941001349,24.953958043311918],[56.193535491653535,24.954619602833905],[56.193178561512582,24.955841517486025],[56.191895261476631,24.956556711189851],[56.191898414238665,24.957712679041453],[56.191720456842191,24.958772329212376],[56.191643832450673,24.959575344123152],[56.191221078807324,24.960152691530233],[56.19070508971474,24.960733455663039],[56.189935548559973,24.961493768751904],[56.189218092122744,24.961741398725206],[56.188259730057382,24.962031905041542],[56.187849124566121,24.963732485644321],[56.187605310485658,24.96413300785682],[56.187068306225626,24.964237809838341],[56.18572644220928,24.964125998511086],[56.18490537683504,24.964742674218055],[56.184937961455688,24.971415500504349],[56.184673227190387,24.971765705361545],[56.179401131254671,24.975910298105894],[56.178958791256171,24.977303813943276],[56.178975488237015,24.983967192644688],[56.1802063186326,24.984425912430741],[56.184710706174634,24.984908046276342],[56.185616463745788,24.98553887925631],[56.186232823363248,24.986384611442961],[56.187020211389182,24.988143457309196],[56.187644887881618,24.990114837150582],[56.188173668716018,24.992272465581163],[56.187821414088504,24.995298885770843],[56.188543836653572,24.996430160651531],[56.190709587525262,24.999364335210288],[56.190696378964411,25.000335274283522],[56.188821575144424,25.004421979817192],[56.191953979958711,25.008512520642249],[56.190980013704738,25.013962320673347],[56.19694697479823,25.018766126013944],[56.195425559455025,25.021971637460386],[56.194922378099882,25.022526945126103],[56.187781454146446,25.030406882368226],[56.183079202547823,25.039891828040069],[56.182087669288279,25.040800748538128],[56.179055461285039,25.043580192604391],[56.179385057208762,25.047245619149471],[56.174366934024498,25.052979144731726],[56.16949418303404,25.065857749481022],[56.178283004689149,25.070184893793925],[56.179396721139085,25.072264590431551],[56.177082448450577,25.081765182724617],[56.176246452806673,25.085196727615909],[56.176190548937207,25.085491537513899],[56.175970049903789,25.085978381138936],[56.175985678708017,25.086607150694942],[56.175190911102554,25.087110163876094],[56.174704805889242,25.088124222265979],[56.174591660440029,25.089028579660127],[56.174071006541965,25.089730319981612],[56.174067580599655,25.090079214846206],[56.173390822223816,25.090725540850748],[56.173207138924511,25.091228786139446],[56.173186312166386,25.091826106117665],[56.173441344306383,25.092173280394359],[56.173322900782992,25.093515711482702],[56.173591052181294,25.094097794345526],[56.17338442775106,25.095026188941052],[56.173154644754753,25.095259324116363],[56.172773170759818,25.095477539254574],[56.172194829254849,25.095639064860681],[56.171932366782755,25.096134397529159],[56.171686423719244,25.096477913981445],[56.171056562558405,25.097315871129116],[56.170807396201965,25.09789906090576],[56.170289885953373,25.098047211608044],[56.169505577001111,25.098117732847356],[56.169178312261948,25.099242480036608],[56.168629120132159,25.100434101125384],[56.168916114268214,25.10105620343694],[56.169187707846127,25.101958048009063],[56.169626531072673,25.102580445828494],[56.170361921036267,25.104098586398536],[56.171227581511268,25.104138320702376],[56.171693004485107,25.104471484353105],[56.171933627274683,25.104596895267466],[56.172185791265427,25.105134671049267],[56.17187892629773,25.105682185880635],[56.171646279243568,25.106381402813103],[56.171958871510469,25.106919612160279],[56.172103651029495,25.107679596982543],[56.172581701012362,25.108301448546356],[56.172982010547813,25.109241945372045],[56.172630916658214,25.111410796602541],[56.172532229341932,25.112309609102336],[56.172797478452509,25.113112001654756],[56.172838406956799,25.113620777664895],[56.173150547000439,25.114213954174769],[56.172963783260094,25.114725513808693],[56.172077363320312,25.115901045601284],[56.171765151891798,25.116988399918505],[56.171587828851052,25.117300816193222],[56.171334202027801,25.11788102761291],[56.171405230975537,25.118529793133654],[56.171508971792221,25.119465395974345],[56.17017869151509,25.121139859800849],[56.170006359742466,25.121356773458022],[56.170423676743113,25.122600814857019],[56.170608502675655,25.123337437547143],[56.170627079235999,25.124590677090133],[56.170414725181416,25.125046257261253],[56.17088265997517,25.125782460891859],[56.171113326976652,25.125886014174242],[56.172194374256371,25.126478610474194],[56.173281858730007,25.127276521501212],[56.173911553547924,25.127454747995021],[56.173691714510895,25.127899356283617],[56.174017548177346,25.128519956266256],[56.17441088348307,25.129020340555879],[56.174659073627851,25.130134274267064],[56.174539666029567,25.130520454101354],[56.174452780963449,25.131004835602408],[56.174538220484415,25.131677661100923],[56.174767020990551,25.132693003406935],[56.175006042591605,25.133405662291061],[56.174920044495707,25.134603882563809],[56.175039076856706,25.134956611542442],[56.174703025341024,25.135423555805897],[56.173969237678847,25.135685250038581],[56.17362337705913,25.136087037408782],[56.173025573970641,25.136557833657363],[56.172053070473766,25.13718403178542],[56.171739724046738,25.137684019354115],[56.17151865343331,25.138272984082022],[56.17115950892962,25.138717674372291],[56.171081901379026,25.139359079755636],[56.171008883000994,25.139624428835067],[56.171564210032187,25.140182939227298],[56.171802379231174,25.140691760065327],[56.171470443024816,25.141359767266458],[56.171379096050011,25.141827893451769],[56.170700370649719,25.1429647736276],[56.170350702704468,25.143259527292287],[56.170129496269617,25.144936625984123],[56.170400709875793,25.145188274727584],[56.170927843093011,25.145362944536455],[56.171297186599951,25.145668863082303],[56.171309197598887,25.146565563892903],[56.171708826740279,25.147314027532975],[56.17173925357244,25.147767642743194],[56.171882542975084,25.148454307363441],[56.171062611576815,25.149951125139438],[56.171537514095753,25.150864834153662],[56.171617018197672,25.151343520007622],[56.171352591777932,25.152509017385107],[56.171420922756575,25.153043037096797],[56.172309307389924,25.153918939333231],[56.172497864031101,25.154465669651117],[56.172868757647372,25.155209596988097],[56.17284485870298,25.1553500589199],[56.172740744232705,25.155961969907651],[56.17277933250859,25.156666616354546],[56.172758520642638,25.156750753658848],[56.172654477214842,25.157171368863434],[56.172439028138726,25.157352138931479],[56.172129685017119,25.157467308739637],[56.172326972576847,25.157781654471691],[56.172818192089821,25.158260620085983],[56.173321590463068,25.15879702879764],[56.173524951668107,25.159563672926119],[56.173462594036259,25.159810666400723],[56.174087773361698,25.160110605086491],[56.174707050413474,25.16076319817455],[56.175234634285168,25.161177934767363],[56.175831201629272,25.161790257119975],[56.176089900486652,25.161932965081078],[56.176425721192942,25.162528722575999],[56.176537539617009,25.163046743394915],[56.176521208999247,25.163394485041486],[56.17635105820689,25.163737251374297],[56.176735893094346,25.165111208020111],[56.176497712790017,25.165216371225423],[56.176232698764629,25.165568903196085],[56.176074109051932,25.165933324791133],[56.176031476870641,25.166411118545753],[56.175759949440042,25.166593488060105],[56.175605371274045,25.167015218630457],[56.17525573837046,25.167264447689035],[56.174800730257274,25.167770468832515],[56.1741729683025,25.168938053284421],[56.174056743487853,25.169272693838071],[56.173532955312801,25.170034973834472],[56.17349802658331,25.170894514837006],[56.172518430142816,25.171419205807609],[56.172161010686274,25.172623022851262],[56.171542165760222,25.173590412392947],[56.170914328044454,25.173987928515519],[56.170853180077003,25.175379556353242],[56.170883582564542,25.175723176781691],[56.170989337532326,25.176187793280178],[56.171658013539094,25.177435447263392],[56.171543319510491,25.177858851353019],[56.171530128418013,25.178502763908313],[56.171395353349574,25.17919694443788],[56.171570839781587,25.180159993539377],[56.172201207471481,25.180605937445229],[56.172716692725004,25.180853378831163],[56.172578095969406,25.182120046066412],[56.172275741503675,25.182322784905125],[56.172202018298073,25.183205486291449],[56.171694902626179,25.183492573980605],[56.170709327701921,25.184524023587883],[56.171317649267316,25.185460804099023],[56.171399424970438,25.186343052478193],[56.171588705652972,25.187237586975787],[56.17160586197889,25.187675302881924],[56.171579010854998,25.187859889928788],[56.171343119351548,25.188381134478263],[56.1708292686832,25.189092399620947],[56.170414827657076,25.189514545099531],[56.170466346052407,25.190812298931217],[56.170770535530124,25.191479739834666],[56.171526316533573,25.191926272617373],[56.172075531681742,25.192065075786221],[56.172487926284212,25.192472987065816],[56.174787108743587,25.196126080942232],[56.174452035653076,25.196976048292598],[56.175040426259116,25.198015774671209],[56.175178160389578,25.199775266103039],[56.17495616262034,25.20038536838846],[56.175041306836519,25.200604589356583],[56.17566515754315,25.201289432649361],[56.176174037137052,25.201602957560581],[56.176359676445337,25.202819409564349],[56.176780966021681,25.203058986267504],[56.177003726806163,25.203691807027457],[56.177106081366638,25.204452056013221],[56.177121900194621,25.205926295375342],[56.177884670221367,25.207078860128309],[56.178036759794516,25.208670195108407],[56.178084421226757,25.209168882441585],[56.178671666984684,25.210006548182292],[56.178483054713581,25.210587136300646],[56.177729298108765,25.21089174784488],[56.177523615692969,25.211477945823859],[56.177221225690168,25.212058026386039],[56.176429548422249,25.212515104077344],[56.176005338727819,25.213115710748966],[56.175059272927719,25.213176696767054],[56.174627001873226,25.214116168758181],[56.174845493760195,25.214470344047047],[56.175234122342637,25.215039808069129],[56.175330840281156,25.215317581124395],[56.175831749786404,25.216266575672964],[56.176228549239468,25.216609905249722],[56.176553316114784,25.217235746032813],[56.176517620671341,25.217978486702307],[56.177086902923008,25.21797931549003],[56.177867772787813,25.217707458330494],[56.177762782016707,25.218932801226508],[56.178150311562597,25.22050771705258],[56.17797499110609,25.220948899076888],[56.177974301558493,25.221557955141112],[56.177739667330307,25.222699157734091],[56.177405593877651,25.222960479234342],[56.176824159194524,25.223195207335458],[56.176319301557903,25.224015855969032],[56.175762227520174,25.224333624643144],[56.175292546725942,25.224770039262747],[56.175241085410981,25.225166131713458],[56.174927571006656,25.225269634354202],[56.174675208822592,25.225444310861317],[56.174307370926769,25.226040567598506],[56.174278090376205,25.226399215096578],[56.174513546254119,25.227887721976114],[56.174329854491646,25.228310784363618],[56.174088776393546,25.228598382301001],[56.173768280716473,25.228781107712106],[56.173480095186818,25.229087700828511],[56.173248714977973,25.229767853226143],[56.173104716238015,25.229972174117851],[56.172904623879113,25.230205738569936],[56.17238419061588,25.231502117011953],[56.174231212886092,25.233220261749299],[56.17505238007773,25.233934117471897],[56.175356973384702,25.234046390004824],[56.175917330095253,25.234195723686291],[56.176539579800632,25.234235743694363],[56.177738038062508,25.23504070874953],[56.178027117049645,25.235556446892907],[56.17781673605058,25.235952183780032],[56.178380121983587,25.236198678484193],[56.178804424210895,25.236244171215485],[56.179899681309458,25.236994246860295],[56.18045246350372,25.236827872366995],[56.180603500224542,25.237571078403651],[56.180802466547497,25.238747761725111],[56.181313959385776,25.239103481555293],[56.181530910022715,25.239135357517405],[56.181661355767957,25.239001458696929],[56.181921792812247,25.238986071542204],[56.182147222907098,25.23912838969628],[56.182495573397745,25.239192511597203],[56.182964148945224,25.239565179132491],[56.183208373306819,25.239365814231437],[56.183512311980245,25.239295274375401],[56.183885618898842,25.239264275741903],[56.183816910394057,25.238854004807809],[56.183678160130682,25.238615844677582],[56.183600431988509,25.238394869325866],[56.183600756318143,25.238213449593918],[56.183670453449068,25.238071570928046],[56.18384424053685,25.237969285963064],[56.184139494076042,25.237898731061975],[56.18448740835634,25.238041711211022],[56.184790822998671,25.238263017820138],[56.18499924655395,25.238208109104502],[56.185164002684672,25.23830300623062],[56.185251871355909,25.238397577587744],[56.185720631479619,25.238382489945117],[56.185878104029044,25.238121314454382],[56.185791833108958,25.23782144935511],[56.186008865738813,25.237805991799814],[56.186130877427814,25.237530094596604],[56.186365603096903,25.237325353114002],[56.186339799697343,25.237191222409997],[56.186452892406599,25.237049406146067],[56.186418463863603,25.236883709776301],[56.186496737746253,25.236797057872714],[56.186826610714817,25.236781763444952],[56.186939243654002,25.23690024579405],[56.187277574440728,25.237011168969484],[56.187808376396895,25.236988746508636],[56.18803365850043,25.237217820950868],[56.188059256542779,25.23747027055531],[56.188275943671023,25.237652005226575],[56.188232294035146,25.237793923656135],[56.188292765285006,25.237959656170375],[56.188484824575198,25.238070304776837],[56.18921476065016,25.237613863325855],[56.189345334489666,25.237401078291867],[56.189649606550269,25.237133329023703],[56.190378685842433,25.237165928620069],[56.190588034093082,25.237221564114314],[56.190874410057802,25.237261413751582],[56.191152325624948,25.237175044385172],[56.191640095672867,25.23719056138367],[56.191944363308068,25.23692280634619],[56.192170046273603,25.236923127593617],[56.1927781302063,25.236647915714979],[56.193109839701165,25.236561240520309],[56.19332669307957,25.236648313951097],[56.193960370008639,25.236633433042421],[56.194220987063765,25.236507593442223],[56.19466374069809,25.236468777337596],[56.194937078781578,25.236521103658493],[56.195156699391269,25.23659311443474],[56.196393401312591,25.236998604459156],[56.196942374469721,25.236334554927797],[56.197000334750136,25.235902233152395],[56.197097978755991,25.235648246603784],[56.197293528081552,25.235519653928655],[56.19747578674847,25.234711261994434],[56.197872832599018,25.234249151821803],[56.197925076541523,25.23400432673742],[56.198500409155201,25.233267332980436],[56.199400684251799,25.232571228544202],[56.200476515079288,25.232123582018971],[56.20119177349622,25.231985750629327],[56.20154629271142,25.23197801254857],[56.202391580616307,25.231818697796243],[56.202824694688857,25.231678992894828],[56.203280771351402,25.231609471715537],[56.203914037698276,25.231339380250269],[56.204852651381756,25.230849624140301],[56.205015027667997,25.231110374984503],[56.205357371638144,25.231181308722636],[56.205921121562682,25.231061887334821],[56.205988054759359,25.230780877813853],[56.206209640985264,25.230510199848041],[56.206630053941915,25.230259978033569],[56.207151220369596,25.230261751261821],[56.207449140207096,25.230433001820163],[56.207692115943999,25.230473619867894],[56.208123072872098,25.230444306930455],[56.208709951399456,25.230586920489966],[56.209261740113782,25.230869088142288],[56.209758220658294,25.231181271671598],[56.211150252987771,25.232230648405629],[56.211945058416987,25.232543377744161],[56.212408923292735,25.232624560584327],[56.214278297214655,25.232658795497791],[56.214565228055676,25.232809930839299],[56.21475227928638,25.23316169393739],[56.214850917963147,25.233523335694123],[56.215170866503364,25.233734773360528],[56.215767101673144,25.233916592196529],[56.216154028802933,25.233816891478348],[56.216531711744125,25.233829105182391],[56.217228313021799,25.233589396410373],[56.217747604701984,25.233590336958159],[56.222360017801279,25.235020855343159],[56.223382971467551,25.235262570855131],[56.225115053244181,25.236679921394412],[56.225964288503967,25.237140348765241],[56.226474977369584,25.237298128428151],[56.227401502937333,25.237212218739032],[56.228085495980039,25.237056526196078],[56.228715305384299,25.237001479924178],[56.229288266578365,25.237102880199249],[56.230587200555782,25.237570698020921],[56.23179462498836,25.238597001396663],[56.232389230868456,25.238887749976563],[56.233093402364815,25.238995635608575],[56.233592581609479,25.238964856528305],[56.234062524207317,25.238796221372318],[56.234781563021414,25.238389541895099],[56.235757702350924,25.238246424965183],[56.236103066126951,25.238209355645004],[56.236525174784958,25.238317122507382],[56.237151892470564,25.239159079661221],[56.237468785238867,25.239542409723107],[56.237758563074543,25.239674679116987],[56.238214349156898,25.23967544264422],[56.23897616239757,25.239512347583094],[56.239210644535909,25.239669623131775],[56.239577034922377,25.239777662440403],[56.240674952668485,25.239835963699118],[56.241131834724982,25.239815937940072],[56.241463868450474,25.239540368962775],[56.241512758583355,25.239264332739662],[56.241430303041852,25.239057108413942],[56.241653628327889,25.238824383002168],[56.242075082122049,25.238724670568857],[56.24224118383129,25.23854295625982],[56.242234714119569,25.238323307186501],[56.24242863730764,25.238041232660066],[56.24276716913969,25.237966484330936],[56.243015912982841,25.237897862780112],[56.243168014016263,25.237810256211848],[56.243507915431898,25.237836155852261],[56.244212265181787,25.237856132787979],[56.244523884082092,25.238020417421403],[56.244689769697615,25.237945382210338],[56.24502123439261,25.237952196665017],[56.245276955908317,25.237845930721566],[56.245546195050224,25.237890295564068],[56.245843573612042,25.237671137734203],[56.246409758782349,25.23771598256927],[56.246764287721987,25.237690608454738],[56.247089152022866,25.23754052372551],[56.24736528360576,25.237591171155543],[56.248249936932822,25.237222343547067],[56.248470506741548,25.23743606169133],[56.248691600326303,25.237379936785896],[56.249051456826201,25.237347890984339],[56.247525725081871,25.240559226454302],[56.234627828590803,25.248169189472467],[56.2315069507085,25.248836344476562],[56.228628518606037,25.247890191800401],[56.224886236807393,25.249323036987445],[56.225647251469894,25.25347914523504],[56.223945391331654,25.256659789701725],[56.223309482910082,25.260104541738379],[56.223147710789199,25.260980835178088],[56.222485579615821,25.261867678140749],[56.2215637259633,25.263974453931947],[56.222683507047961,25.265414423870091],[56.222147485444957,25.268432891904162],[56.224339182653964,25.272333423595299],[56.223111216685254,25.279235149282599],[56.216153458004527,25.292044016595405],[56.21522068237644,25.293760969395166],[56.215342546617904,25.294734519800528],[56.218171424706689,25.298633239402417],[56.213815641533252,25.300930855214069],[56.212331340832847,25.303688322868197],[56.21132649695204,25.310612256356226],[56.209515567899082,25.311062925225301],[56.212198009099261,25.314111419586446],[56.213735099457352,25.319158457056009],[56.212461766630007,25.320948660182125],[56.210617785671161,25.321868901173307],[56.211104000660924,25.323496931971157],[56.208926847676402,25.326754174372923],[56.205689438119549,25.328028069188932],[56.205683014771303,25.329012319557389],[56.202917039999619,25.329593371832011],[56.201343271835938,25.328672806830028],[56.200575606629656,25.328642592083579],[56.200035024614316,25.32874336479167],[56.199030154348833,25.329721844869677],[56.198915629740668,25.330334755239612],[56.198948764170964,25.330614325667703],[56.199621240317668,25.331505267691899],[56.200576081977339,25.332214443778714],[56.2007440978905,25.332470393162751],[56.20082200493745,25.332746544340111],[56.201102016900947,25.333107507093104],[56.201044856566142,25.333383303151489],[56.200243376065877,25.334106820555075],[56.1998038439448,25.334279401594792],[56.198796913476031,25.334390982038464],[56.198133149853504,25.334287016386039],[56.197593826875604,25.333989194219026],[56.197042722434418,25.333854863035903],[56.196524824989943,25.333894361894494],[56.196287695088479,25.334128794294873],[56.196388203311919,25.334374347710742],[56.196758224457881,25.334814803973341],[56.196936733828025,25.335305850632384],[56.196945910077964,25.335949748880324],[56.196808988330005,25.336521714967589],[56.196639719807479,25.336654126167982],[56.196110786718855,25.336622051864747],[56.195447145845442,25.336477193490193],[56.194447555574762,25.33579998092533],[56.193522679701132,25.334958042495316],[56.192937877872197,25.33480316485598],[56.191544361875785,25.334124869866251],[56.191142302312031,25.333163082808117],[56.19088435972975,25.332876219230467],[56.19032147642681,25.332905353602147],[56.189645028744089,25.333240783822969],[56.188218917062031,25.335628429539771],[56.187679861290754,25.336364008676629],[56.176873377087496,25.341595654151739]]],[[[56.153065627062603,26.069351639044378],[56.147806732405058,26.068201352267572],[56.14540507794711,26.068257130018118],[56.143239169660099,26.067474736594857],[56.142006229605151,26.066977681645053],[56.140397534862259,26.064519604416006],[56.138259086790995,26.060379386814347],[56.134800031071144,26.056790849349024],[56.133179783734214,26.055941700907979],[56.128605249080017,26.056613746227011],[56.12621171523466,26.055619800956894],[56.124061763195449,26.05308838566345],[56.123994799074438,26.051688832568583],[56.122296206611985,26.050978950428547],[56.120511907608041,26.05138786010281],[56.119431888174603,26.050821562670478],[56.116568013116094,26.050594235450838],[56.110576430221961,26.054335136823916],[56.107081301657125,26.055642743328484],[56.105774330752311,26.054375455691115],[56.102847191419293,26.053400093392952],[56.102847175744124,26.053399789014577],[56.09471253076503,26.051932307984885],[56.089408239176841,26.050975153890995],[56.088286984882075,26.050815104445611],[56.088018592342564,26.050776792376841],[56.086839969294026,26.050615353711631],[56.083760132913042,26.050183824022291],[56.081812769963307,26.044363828373363],[56.080186035352632,26.039501640172542],[56.079046035799415,26.033466320695005],[56.078930706637621,26.032855718795915],[56.078607373906323,26.031143825143428],[56.078499806149829,26.030574297812141],[56.077104855476307,26.02512655745053],[56.077093879152514,26.025083685791358],[56.07535698611381,26.018299863295049],[56.075320972410871,26.018159196854604],[56.074056850902977,26.013221400728568],[56.074025433810824,26.013098677135591],[56.073073679362757,26.009380749506505],[56.072058956867444,26.005416594019476],[56.071174418377673,26.001960814691472],[56.069822610642667,25.99893750133155],[56.068072727482779,25.99502365441872],[56.064807745626752,25.987720361599312],[56.061503517643729,25.982362749150379],[56.056717689818072,25.984498616730018],[56.055986086685721,25.984331029157271],[56.046290937050934,25.98210978026944],[56.043430843380321,25.974865823900323],[56.046716476196977,25.967661054825168],[56.046801778228684,25.967283414514394],[56.035149489643786,25.970350009813817],[56.031957335181431,25.960444003769787],[56.043608868116515,25.957389952982794],[56.043190094247777,25.956089608574128],[56.04649106500937,25.955220830561551],[56.046333670955356,25.954513354072297],[56.041439061364095,25.943926878298562],[56.037722105715368,25.935886199583571],[56.016634888354865,25.890247701812701],[56.009007701976621,25.891550166413211],[56.006115635263797,25.889282739814654],[56.007850381739942,25.883118050470355],[56.001057433141007,25.866699045493789],[55.996235260031135,25.85899610075132],[55.994127100021537,25.855628169213258],[55.986770710703382,25.846424476482955],[55.981943639137029,25.840384296246405],[55.979155204859481,25.836218864686689],[55.975101343677338,25.83016250697079],[55.968396668692151,25.83277712954494],[55.968367969439683,25.832786679948295],[55.968338921833407,25.832795326762454],[55.968309561891182,25.832803058505096],[55.968279922614514,25.832809866381265],[55.968250041985314,25.832815742534308],[55.968219953987123,25.832820679982138],[55.968189695596465,25.832824671763898],[55.96815930276869,25.832827713620336],[55.9681288114514,25.832829802195043],[55.968098259579627,25.832830935048683],[55.96806768108997,25.832831110616436],[55.968037115897154,25.832830328278938],[55.968006597906474,25.832828590082897],[55.967976164023973,25.832825897193416],[55.967945852137731,25.83282225258851],[55.967915698124798,25.832817661037698],[55.967885736856758,25.832812128206335],[55.967856005184771,25.832805661579684],[55.967826538978031,25.832798266830242],[55.967797373068827,25.832789954137723],[55.967768542289477,25.832780733681911],[55.967740081472215,25.832770615642545],[55.967712023430458,25.832759612893845],[55.967684403978353,25.832747737428434],[55.967657254908069,25.832735004822055],[55.967630609017206,25.832721429754677],[55.967604497092346,25.832707028697833],[55.967578951907477,25.832691819040122],[55.967554004241251,25.832675818155959],[55.967529681855787,25.832659046107125],[55.967506016511585,25.832641522080845],[55.967483033959688,25.832623267930433],[55.967460763949504,25.832604304634692],[55.967439232216286,25.832584655852678],[55.967418464503055,25.83256434434054],[55.967398485539455,25.832543394653122],[55.967379319049584,25.832521832240953],[55.96736098874964,25.832499683457499],[55.967343516376147,25.83247697283629],[55.967326922628715,25.832453729418017],[55.967311227232798,25.83242997952777],[55.967296448884781,25.832405753094893],[55.967282606296649,25.832381078243074],[55.967269715171774,25.83235598488038],[55.967257790215783,25.832330502907819],[55.959726188205387,25.819621320694758],[55.958683989132716,25.817862427567956],[55.950445279496613,25.811922121488134],[55.949456428852436,25.810549959088469],[55.948299803160964,25.805037334390438],[55.943907856293286,25.796998901730113],[55.941560509743027,25.794731819007943],[55.941415044493709,25.794591323942317],[55.941295467098115,25.794475832918941],[55.938087031035643,25.790752044686233],[55.937825671460146,25.790450656470433],[55.9376042301772,25.790349025962499],[55.93746388230408,25.790145309865323],[55.933529878584046,25.785496667578098],[55.933284990509428,25.785231720180732],[55.929320575921658,25.780707059173871],[55.929246241124105,25.780626892180791],[55.929236150057918,25.780616750413181],[55.91692743035982,25.768245316628107],[55.91367988864976,25.76678776075476],[55.895449156442666,25.746471522586535],[55.888816190119272,25.742156083205426],[55.883657792719774,25.738689277258125],[55.882523985863848,25.739529571917092],[55.881093029510033,25.740235273086707],[55.879193577994911,25.740268446897854],[55.877848676185806,25.740234201983888],[55.876584247231996,25.740057227600708],[55.875919576083561,25.739936319234307],[55.875137998200621,25.73962785199954],[55.874612787040853,25.739517152191102],[55.873901849019411,25.739386236876236],[55.873013031969016,25.739159107543745],[55.872052214634891,25.738954581234704],[55.871486793974519,25.738777002785021],[55.870771810176556,25.738377283954865],[55.870221615217972,25.737984812732794],[55.86929914946959,25.737213191022722],[55.868977873671,25.73701958079138],[55.868859641625335,25.736970883486265],[55.868728109681001,25.73693402827222],[55.868557299842301,25.736867005056091],[55.868367556706268,25.736710249790924],[55.868224195867839,25.736529964629241],[55.868113293956839,25.736403682600454],[55.867989092284041,25.736289242610571],[55.867642295391832,25.73600584553088],[55.867521019845526,25.735962784747603],[55.86612090897416,25.737696712593191],[55.855908166386726,25.731757692144903],[55.854798135190556,25.731444597929734],[55.853688111116149,25.731131496350386],[55.852578092187628,25.730818385585824],[55.851468079393449,25.730505266547105],[55.850358073730703,25.730192139242448],[55.84924807320624,25.729879003656507],[55.848244490419937,25.729648989157109],[55.847240912763588,25.729418967876125],[55.846237338243959,25.729188939797982],[55.845233768854861,25.728958904938679],[55.844230202611818,25.728728862379807],[55.843226640494407,25.728498813935133],[55.842223083508401,25.728268758709973],[55.841219529660606,25.728038696688696],[55.840215980944777,25.727808627887377],[55.839212435376524,25.727578551387513],[55.838208894932073,25.727348469010895],[55.837245118449133,25.727054294867621],[55.836281346948589,25.72676011450012],[55.835317581427368,25.726465927916621],[55.83435381989225,25.726171735101428],[55.833390064336868,25.725877536070776],[55.832426312768007,25.725583330808941],[55.831462567179301,25.725289119332139],[55.83049882557755,25.724994901624658],[55.829535088959659,25.72470067769471],[55.828571358322556,25.724406447550603],[55.82760763167304,25.724112211176546],[55.826484737019193,25.724124782931078],[55.825361841509199,25.724137345111295],[55.824238946122527,25.724149899530854],[55.823116051865256,25.724162445295001],[55.821993156753386,25.724174981484786],[55.820870261766373,25.724187509913904],[55.820284216438715,25.725173360661369],[55.819698160209178,25.726159207670836],[55.819112094055967,25.727145052755745],[55.818526017987288,25.728130895012931],[55.817755819987198,25.728870742649764],[55.816985612428994,25.72961058580557],[55.816215396309033,25.730350424488076],[55.815445169633449,25.731090258680659],[55.814674933389632,25.731830089293872],[55.813904687595091,25.73256991452164],[55.812864483387138,25.732535514726496],[55.811824279091311,25.732501108417829],[55.810784076710512,25.732466694709114],[55.809743875248351,25.732432273592284],[55.808703674714266,25.732397844164517],[55.807663474093907,25.73236340822336],[55.806623275390187,25.732328964882338],[55.805804521740534,25.731787890605716],[55.80498577558982,25.731246812853062],[55.804167035950236,25.730705730713694],[55.803348304815124,25.730164644204319],[55.802529580190892,25.729623553308873],[55.801710864079915,25.729082457141288],[55.80145198865597,25.727989559014045],[55.801193117562001,25.726896659532187],[55.800934250779498,25.725803760501396],[55.800280657210116,25.724991298662587],[55.799627073410242,25.724178834127731],[55.798973498373648,25.723366367791755],[55.798446439955008,25.72244722106856],[55.79791939041354,25.721528072622853],[55.797392347755391,25.720608922438448],[55.796865312976692,25.719689770523821],[55.79652413077644,25.719079279041537],[55.795958483426055,25.718291765211116],[55.795392843396634,25.717504249368254],[55.794827210687764,25.716716731513149],[55.794261585299061,25.715929211646063],[55.793098527474399,25.714479493316752],[55.792517721528199,25.71367713769078],[55.791936923250582,25.712874779040511],[55.791356132632018,25.712072418269038],[55.790775349662965,25.711270056279442],[55.78984831574919,25.710648897545461],[55.788921290575999,25.710027734103818],[55.787994275148925,25.709406565060444],[55.786861221231511,25.708211595950619],[55.787503489388612,25.707677672626239],[55.786884305021538,25.707096780044754],[55.785964167030663,25.70666423921838],[55.786031354738149,25.706587866641158],[55.785954662263265,25.706510128841206],[55.786066118969423,25.706419879926646],[55.786125863820345,25.706480438917175],[55.786163942264473,25.706437154264108],[55.785357355293684,25.705894764546215],[55.784550774728721,25.705352370581224],[55.783744202553351,25.704809973288878],[55.782937636792731,25.704267570847279],[55.782131079430613,25.703725164176184],[55.781324528473824,25.703182753259259],[55.780624904013209,25.702494474980096],[55.779925288571874,25.701806193579863],[55.779225680156507,25.701117909042207],[55.778526079763303,25.700429621375772],[55.777826487391927,25.699741330580867],[55.77712690304206,25.699053036657801],[55.776427327709861,25.698364739615254],[55.775727759402059,25.697676439436815],[55.774525929050334,25.697066113516854],[55.773313641751507,25.69738376184268],[55.772978036298269,25.697113742144438],[55.77294778257432,25.696458984454516],[55.773492520477198,25.695560288802056],[55.774037248993174,25.694661590699006],[55.773729990468951,25.693779704852087],[55.773422735215888,25.69289781841039],[55.773115485226512,25.692015931390745],[55.772808238507714,25.691134043776465],[55.772500996055598,25.690252155576019],[55.772124406835857,25.689285767948579],[55.771747823391912,25.688319379445797],[55.771371244717663,25.687352990962214],[55.770994672823953,25.68638660070911],[55.77061810570833,25.685420209572662],[55.770241546350157,25.684453818481],[55.770190957824539,25.684368001632542],[55.769899915823999,25.684505405949317],[55.767150014742313,25.680544334939057],[55.766904208140794,25.680187103307741],[55.766652820065779,25.679833075862412],[55.766395901418484,25.679482324215336],[55.766133504217493,25.679134919315494],[55.76586568158816,25.678790931434197],[55.765592487751924,25.678450430150967],[55.765313978015236,25.678113484339427],[55.765030208758382,25.6777801621534],[55.764741237424083,25.67745053101314],[55.764634205766235,25.67732344149691],[55.764521174839501,25.677200691312752],[55.76440235863857,25.677082512835664],[55.764277982108084,25.676969129785363],[55.764148280716732,25.676860756802764],[55.764013500011437,25.676757599043761],[55.763873895152535,25.676659851790966],[55.763729730430711,25.676567700084064],[55.763581278766708,25.676481318369618],[55.763428821194722,25.676400870170895],[55.763272646330421,25.676326507778423],[55.763113049824661,25.676258371961737],[55.762950333803872,25.676196591702972],[55.762784806298257,25.676141283952777],[55.762616780658753,25.67609255340896],[55.762446574963988,25.676050492318396],[55.762274511418298,25.676015180302397],[55.762100915741883,25.675986684206073],[55.761926116554427,25.675965057971823],[55.761750444753133,25.675950342537263],[55.761574232886531,25.675942565757733],[55.761397814525083,25.675941742353633],[55.761221523629935,25.675947873882542],[55.761045693920913,25.675960948736282],[55.760870658244947,25.675980942162916],[55.760696747946128,25.676007816313554],[55.760524292238721,25.676041520314055],[55.760353617584045,25.676081990361251],[55.760185047072689,25.676129149843749],[55.760018899813033,25.676182909486897],[55.759855490327318,25.676243167521783],[55.759695127956363,25.676309809877786],[55.75953811627415,25.676382710398514],[55.759384752513206,25.676461731080558],[55.759235327002081,25.676546722334663],[55.759090122615795,25.676637523268862],[55.758949414240426,25.676733961992969],[55.758649627799933,25.676472012289796],[55.758534670257291,25.676381736240973],[55.75768105661799,25.675733521191052],[55.75719228469341,25.675396286908569],[55.757320564922722,25.674822798359219],[55.757366614399032,25.674562837212363],[55.757405381270516,25.674301902272536],[55.757436840697807,25.674040161049277],[55.75746097253311,25.673777781568653],[55.757477761332979,25.673514932265388],[55.757487196368146,25.673251781874736],[55.757489271630277,25.672988499324131],[55.757483985835663,25.672725253624758],[55.757471342425994,25.672462213763065],[55.757451349565947,25.672199548592246],[55.757424020137897,25.671937426723868],[55.757389371733446,25.671676016419667],[55.757347426642056,25.671415485483475],[55.757298211836634,25.671156001153591],[55.757241758956035,25.67089772999536],[55.757178104284684,25.67064083779432],[55.757107288729145,25.670385489449778],[55.757029357791779,25.670131848868952],[55.75694436154135,25.669880078861823],[55.756852354580865,25.669630341036605],[55.756753396012343,25.669382795696055],[55.756613146322778,25.669023692316326],[55.756468135088866,25.668666145670027],[55.756318383384858,25.668310207612457],[55.756247356999047,25.668139619945709],[55.756170085930442,25.667971276360088],[55.75608665635643,25.66780536454468],[55.755997161319499,25.667642069476553],[55.755901700623397,25.66748157321453],[55.755800380721801,25.667324054696273],[55.755693314599512,25.667169689538799],[55.755580621646402,25.667018649842753],[55.755462427524272,25.666871104000546],[55.755338864026655,25.666727216508651],[55.755210068931817,25.666587147784288],[55.755062109374016,25.666414116309252],[55.754908973276166,25.666244824546176],[55.754750775685885,25.66607939965499],[55.754587635451117,25.665917965890515],[55.754419675130876,25.665760644509191],[55.754247020903151,25.665607553678004],[55.754069802470084,25.665458808385804],[55.753888152960577,25.665314520356937],[55.753702208830255,25.665174797967378],[55.753575522253179,25.665099478056881],[55.753444797178112,25.665030057270403],[55.753310367753457,25.664966713051111],[55.753172577594341,25.664909607309752],[55.753031778904521,25.664858886010887],[55.752921891841332,25.664822547624819],[55.752810193056874,25.664791071549203],[55.752696944325351,25.664764531549626],[55.752582411052742,25.664742989823647],[55.752466861654895,25.664726496854993],[55.752350566928534,25.664715091295324],[55.752222206516578,25.664708775771533],[55.752093658425473,25.664709306793853],[55.751965366882516,25.664716682526386],[55.751808270097818,25.664733503424561],[55.751652289436805,25.664757377078949],[55.751497810150163,25.664788244523915],[55.751345213781121,25.664826029520125],[55.751194877223192,25.664870638742794],[55.751047171789544,25.664921962012169],[55.750902462296047,25.664979872565588],[55.750761106160382,25.665044227370533],[55.750623452519413,25.665114867477818],[55.750489841366971,25.665191618414156],[55.750360602714203,25.665274290612945],[55.749942352500504,25.665548947757671],[55.74955518079242,25.665819527010015],[55.746511533258754,25.668527999363935],[55.746295033157345,25.668673285571817],[55.745844957673505,25.669057273219408],[55.746866525164897,25.670317799608586],[55.748212281363756,25.671152267017785],[55.747797877245056,25.672106538237998],[55.746914321144651,25.673601230139418],[55.746086039604357,25.673760538954337],[55.744697476006891,25.673770431370265],[55.743345230336509,25.674056095091633],[55.742595686135267,25.675396319429023],[55.742741593814621,25.676500189231088],[55.744026261045342,25.678040931534316],[55.745573007900951,25.678643696140487],[55.748618413743877,25.678315281094701],[55.75029351114474,25.678134609584593],[55.752023605390789,25.676618508795745],[55.753028319598172,25.677209757029239],[55.754562944568207,25.678303650430923],[55.757269699456295,25.681052796840927],[55.7573452075859,25.681327521351133],[55.757427073948293,25.681600746452098],[55.757515262388239,25.681872351331148],[55.757609733954361,25.682142215891172],[55.757710446916185,25.682410220803785],[55.757817356782589,25.68267624756206],[55.759300599932551,25.683180099815047],[55.760926582007954,25.684963752269063],[55.762101895145094,25.687425917232591],[55.762308518845686,25.68957264507268],[55.761510453217625,25.690822589493468],[55.761538926882125,25.690959707992853],[55.761559686419091,25.691097958790795],[55.76157267833603,25.691236985826762],[55.761577869145391,25.691376431039807],[55.761575245451006,25.691515935290724],[55.761564813982922,25.691655139287032],[55.761546601580328,25.691793684508333],[55.761520655122723,25.691931214129685],[55.761487041409431,25.692067373940667],[55.761445846987833,25.692201813257665],[55.761397177930732,25.69233418582715],[55.761341159563337,25.69246415071748],[55.761277936140793,25.6925913731971],[55.761207670476786,25.692715525596661],[55.761130543524438,25.692836288153103],[55.761046753910392,25.692953349833246],[55.760956517423395,25.693066409135014],[55.760860066458655,25.693175174864024],[55.760757649419347,25.693279366883711],[55.76064953007694,25.693378716836914],[55.760535986891895,25.693472968837167],[55.760417312296418,25.693561880127856],[55.760293811941345,25.693645221707541],[55.760165803908819,25.693722778919888],[55.760033617893043,25.693794352006627],[55.759897594350981,25.693859756622121],[55.7597580836254,25.69391882430828],[55.759615445042421,25.693971402928479],[55.759470045985843,25.694017357059522],[55.759322260950782,25.694056568340461],[55.759172470578918,25.694088935777533],[55.759021060677931,25.694114376004304],[55.758868421227582,25.694132823496439],[55.75871494537509,25.694144230740484],[55.758561028422271,25.694148568356265],[55.758372689939847,25.694265599356338],[55.757899165024575,25.694484653102041],[55.755217491562149,25.69261234091897],[55.753225889083964,25.69213701192233],[55.751092926986537,25.690400139876928],[55.749146681791153,25.688121655665416],[55.74907612997545,25.686542228809049],[55.749779656200083,25.686516424812659],[55.751540047090977,25.686396595128198],[55.752703575849942,25.685851183267356],[55.753032742252067,25.684836134590086],[55.752478723666613,25.683566386029284],[55.75157146838049,25.682544874748618],[55.749195613507212,25.683850604498847],[55.745839596382069,25.683582869857172],[55.745917951309686,25.686513135652241],[55.74633142842373,25.68905742523172],[55.74525249652153,25.691412772389423],[55.744271212162836,25.693337691493081],[55.741322472421693,25.694985078650841],[55.738788141361788,25.695677971699585],[55.735821620486497,25.695437967950994],[55.732600065541881,25.693266165981147],[55.73167476320689,25.692106502078047],[55.730676495121998,25.690394838075846],[55.730805377565865,25.687862119964542],[55.73126303177564,25.686063649015246],[55.732299133695442,25.68455267028412],[55.733096942756241,25.684746515463974],[55.734034611251175,25.68541506568581],[55.734808529385312,25.684842008026596],[55.735759176713223,25.683270114919956],[55.737422672024216,25.681831485511378],[55.739871312737051,25.681077717917496],[55.739171137882629,25.680453577856468],[55.737795496816275,25.678222881410512],[55.737516244631621,25.675524223727471],[55.738808404244807,25.672446183965299],[55.741897110337064,25.669524305012537],[55.740596525147787,25.667843622848984],[55.748869598664214,25.660366623752076],[55.747969619183607,25.658283400278322],[55.748245378949527,25.658010563461115],[55.748343536480313,25.655629376280633],[55.750029538874685,25.655311609618408],[55.757409408508806,25.653920446912991],[55.767075679033354,25.652097662443239],[55.784094179377462,25.643200852040508],[55.786672247208138,25.6418528135187],[55.795773587776303,25.633529154328663],[55.806654295797252,25.623575836227122],[55.815471772496373,25.615505665989946],[55.814726588479644,25.608317514136765],[55.81473565046587,25.608313867612772],[55.813095682595993,25.592334411030443],[55.812651854640876,25.588009270483209],[55.812587701081476,25.587384065330991],[55.810541727767287,25.567442513033519],[55.808263596932569,25.545231969063025],[55.806387340911286,25.526934570143482],[55.826429228175058,25.510779158751376],[55.84518704117275,25.495652229602712],[55.828353191523533,25.485249942043001],[55.849617502874565,25.47725481242411],[55.878667897882231,25.457615881291535],[55.885862465379013,25.452418917053642],[55.910336689772066,25.434733932687312],[55.906428652717324,25.428442387213366],[55.907283893424712,25.412117762413459],[55.908670000983612,25.410393627305339],[55.915680266846365,25.401672792781188],[55.936683513346878,25.390596558337055],[55.937146442150095,25.388952171589725],[55.937146298406859,25.388952013435546],[55.937146927428969,25.388950446825458],[55.943022865372093,25.368073977973886],[55.944807145818004,25.361733069550553],[55.967567019874814,25.361772954055184],[55.978635970828449,25.361791078978428],[55.983053884937178,25.370049799569973],[55.994735203084581,25.391880659701087],[55.999473426271827,25.390886577724288],[56.007949112766902,25.389107948560806],[56.01961663245644,25.386624420429602],[56.037810253675396,25.382749690263676],[56.049977916347459,25.380156914919471],[56.050339405921484,25.379769723051275],[56.050960105389201,25.379680740531384],[56.051364595896409,25.379003670201332],[56.05253842219016,25.377828026048583],[56.053280529080659,25.376690640912216],[56.054146994900591,25.376949289056565],[56.054329719988381,25.377091895316287],[56.054650849471869,25.377036501882493],[56.054903991369336,25.37712887077215],[56.055201944740936,25.376862537162872],[56.055768542500239,25.376871206453927],[56.056151067676247,25.376543348644834],[56.056108031102383,25.376209631750541],[56.056598245764853,25.376157565128569],[56.057114313308951,25.375805058672668],[56.057566541423355,25.375863021569629],[56.057783395589382,25.375598675166774],[56.058340289674966,25.375659049490963],[56.058590785082387,25.37553609261948],[56.058920901189026,25.375591236550104],[56.059063109961684,25.375499450851784],[56.059066206022848,25.375388613789298],[56.059229397555491,25.375170559417938],[56.059811251691265,25.374962155921409],[56.06008903346482,25.375016090544278],[56.060353793521813,25.374911284134015],[56.060375215919052,25.374769181650702],[56.061384334568814,25.37488749721815],[56.061326697067713,25.375076298864546],[56.061617947885658,25.375273136457235],[56.062176166849447,25.37528599499629],[56.06278253015622,25.374824639571923],[56.062969558043157,25.375003231359539],[56.063458631408103,25.37507297260084],[56.063439108840818,25.375158121887104],[56.063618815693346,25.375170041775128],[56.064059784727164,25.374728851301999],[56.064442079721985,25.374854377461418],[56.064631004283918,25.374843163298657],[56.064747373369094,25.374666860634196],[56.065206128156404,25.374817489783727],[56.065357850636488,25.374603092039386],[56.065579961200498,25.374631548855856],[56.065863817843073,25.374074365935964],[56.066032992814883,25.373541316518025],[56.066681624776578,25.372768558302884],[56.067012179409815,25.372597181420709],[56.067112707333614,25.372373821831719],[56.067135618135303,25.372185775434559],[56.06729525258234,25.371994903299885],[56.067592832620306,25.371776075339561],[56.068004636029194,25.371177010450268],[56.068639618450156,25.371463971626127],[56.068984796805125,25.371075036405738],[56.069326196670552,25.371129573571594],[56.069915746216765,25.371508866889883],[56.070779734630747,25.370960649296762],[56.070965929709629,25.370739256239045],[56.071179683402136,25.370759729818325],[56.071679754789685,25.370965761217082],[56.072155511133587,25.370813270415784],[56.072342085071632,25.370380129826923],[56.072768294498822,25.370467733647303],[56.07393233983246,25.369918605932504],[56.074839542830958,25.370281823855755],[56.075436446003685,25.370793553213236],[56.075647391980951,25.37091511939753],[56.075947254172441,25.370921998713523],[56.075979440871464,25.370689283785932],[56.076574195735887,25.370881906767671],[56.076973337440634,25.371326840171335],[56.077374716323042,25.37138273453132],[56.07821547064809,25.371816195119667],[56.078521960131482,25.371893256772893],[56.078771284821094,25.371867844501647],[56.079329620097432,25.372137439574026],[56.079645974032559,25.372168034090052],[56.079760091340077,25.372380756127718],[56.079718265380386,25.372652159883014],[56.079849518494363,25.372865275255887],[56.080656821886762,25.372813734953706],[56.080904918091292,25.372523711060595],[56.081851999671386,25.372538487551772],[56.082128691853647,25.37276271298223],[56.082418913345535,25.372808267283443],[56.082632613307325,25.373139993668076],[56.082723406726423,25.373266580899209],[56.083174475272315,25.373385851310932],[56.083660246909865,25.373490352234306],[56.083819799939299,25.37361072997448],[56.084200070603899,25.373191434872112],[56.084491372319164,25.373198100054736],[56.084752013834041,25.373383044583107],[56.08510183657225,25.373134249947402],[56.085368081561832,25.373116994518572],[56.08543516738721,25.37286173152679],[56.086619487666418,25.372600428229731],[56.086865415500561,25.372388162314774],[56.086953676660578,25.372296799025232],[56.087324190553133,25.372538723070903],[56.088018574320735,25.372281830496686],[56.08904561782694,25.372344211254088],[56.089225194510547,25.371741336350755],[56.089439600928195,25.371738453346218],[56.08973985596635,25.372041020410506],[56.09041697820448,25.371519111629116],[56.090561807768758,25.371242275423565],[56.091131748121896,25.371403145260679],[56.091543638921905,25.371389206085613],[56.0919752458611,25.371282333212488],[56.092053966800044,25.370993900386001],[56.092317017147792,25.370782016017525],[56.092312141449902,25.370338343372527],[56.092458597693799,25.369740678535962],[56.092628908096096,25.369472203597137],[56.092581408756253,25.369019776339179],[56.092347921805079,25.368755867540226],[56.091942923156573,25.368520950081631],[56.092026394543332,25.367999440848497],[56.092001840597753,25.367337428683534],[56.092364893453599,25.36722898998233],[56.092425381367541,25.366940350379632],[56.09265651830772,25.366642137286824],[56.093180875134607,25.366280578769253],[56.094293358448354,25.366041383694292],[56.094240050705451,25.365798932637613],[56.093882260386025,25.365407052170291],[56.093780130269458,25.365070104716008],[56.093493899921533,25.364249848904752],[56.093493826941362,25.363869019388879],[56.092985038373548,25.362986827210946],[56.092829009877967,25.362697227707233],[56.093063233250398,25.362149852647242],[56.092848267838257,25.362005543694096],[56.092666018138239,25.361484109662896],[56.093136631766306,25.361117342260087],[56.093057335440982,25.36006133067302],[56.093528778316468,25.36001326303305],[56.093588978397236,25.359790008317407],[56.094037701768308,25.359527096206889],[56.094109079236489,25.358949673822483],[56.094053652944943,25.358254790798334],[56.094256999535979,25.357954216349516],[56.094590355318267,25.357962096533125],[56.094693842908583,25.357730096469894],[56.094912544895479,25.35760827368021],[56.094991731599229,25.357473385445019],[56.095327320105277,25.357403167787616],[56.095692935557857,25.357411808941013],[56.095927552687584,25.357485733151002],[56.096169851838937,25.357667294075597],[56.096782932730228,25.358052986877659],[56.097117824756872,25.358383264018499],[56.09727521537598,25.35852374264767],[56.097447130813535,25.358156595430884],[56.097655076881814,25.358034514768654],[56.097946535673479,25.358002323874004],[56.098689773320963,25.357599824056738],[56.099258028500586,25.357671851687787],[56.09975100998394,25.35774210121653],[56.100035900425731,25.357563222385433],[56.10049152311629,25.357563079284393],[56.100605474304047,25.357341089734668],[56.100983236982877,25.357301161173531],[56.101244666377198,25.357190105992885],[56.101564045321993,25.356933888154927],[56.102150304688408,25.356752345110973],[56.10278176985004,25.356599915036455],[56.103085372834876,25.356519156155059],[56.103262723111065,25.356337734789076],[56.103308524132636,25.356241127768293],[56.103534621706409,25.356236691113086],[56.104082642697882,25.356640357204036],[56.104249121533861,25.356839654380995],[56.10461991432603,25.357043768114668],[56.104930089452083,25.357109690948704],[56.105249067996148,25.357244200377764],[56.105531050787242,25.357543905006871],[56.106418191719499,25.35827880683],[56.106831876355223,25.358046112058865],[56.10701742277125,25.358028855310529],[56.107558964028222,25.357571260806736],[56.107761607052112,25.357178298843849],[56.108238403247618,25.356837679782135],[56.108565913420989,25.356802567140186],[56.108832290642987,25.356509402987221],[56.109104832640803,25.356503219794984],[56.10946209123901,25.356646586244764],[56.109661953624787,25.356421766011412],[56.109880672486426,25.356375276633919],[56.110232665823908,25.35633939081572],[56.110553351507775,25.356056853898536],[56.110775981267587,25.355772984511308],[56.111386802236993,25.35520551430492],[56.111858058409851,25.355043739590904],[56.112600399713777,25.354301956337114],[56.112806916139611,25.354334441820765],[56.113658345586124,25.354909913377686],[56.114208295507218,25.355926475900244],[56.114821350554685,25.356419559293808],[56.115430829171686,25.356467403232127],[56.115746901928652,25.356720293522095],[56.115986759676545,25.356713654769585],[56.116374761369848,25.356976137415366],[56.116477377106079,25.357363359750462],[56.116681787861076,25.357524421300965],[56.117051252252161,25.357588789899165],[56.117306567500272,25.357968188169881],[56.117429678087106,25.358434831250168],[56.117685681821243,25.358522503512791],[56.117959666990757,25.358826966282809],[56.118391328755706,25.359086078903676],[56.118473296399891,25.359403767378051],[56.118803479844011,25.359471556335169],[56.119138337932071,25.359254488610095],[56.119380059211387,25.359400222842289],[56.11957285791997,25.35933951794199],[56.119764617603295,25.359342114819547],[56.120308665918664,25.359127876134053],[56.120607098231709,25.359005284682606],[56.120820181845822,25.358770734980819],[56.120826407473352,25.358390925278343],[56.120881819416589,25.358201728684854],[56.121179210818283,25.358142437153198],[56.121407130599003,25.358066376253163],[56.121432084348783,25.357607674925887],[56.121541087152941,25.357340058210593],[56.122613248422304,25.357464184390583],[56.12298225601257,25.357861326369513],[56.123533907927168,25.35808231260922],[56.123935978805086,25.35837436221772],[56.124160993331628,25.358543266770027],[56.124408529769894,25.358489312230116],[56.125261805344493,25.358478868261958],[56.125397036626758,25.358333019323023],[56.125986792694086,25.358361272838735],[56.126675378891029,25.358972523595128],[56.126685239343431,25.359211007109351],[56.126979507161842,25.359247454647011],[56.12713936000651,25.359399988858755],[56.127319689512063,25.359404072121979],[56.127491854817094,25.359705796519876],[56.127601176880795,25.360112942738951],[56.127622943241121,25.36051550023954],[56.128270191034993,25.361438524521358],[56.128219445607783,25.36209259267455],[56.128439574628736,25.362440076824644],[56.128445357928449,25.362827380880059],[56.128325702175239,25.363003367490403],[56.128385156618542,25.363228083011506],[56.12844787624914,25.363333742164418],[56.129039943275487,25.363462134724646],[56.129354781480352,25.363899966624089],[56.129707388814388,25.363958945167397],[56.130099781586367,25.364265063955816],[56.130667855905237,25.364424061708299],[56.130961643188122,25.36466514616296],[56.131268811797511,25.36536737644559],[56.131963842402449,25.365715279960334],[56.132505078714765,25.366186208682048],[56.132532738355849,25.36632541812267],[56.132900099606083,25.366814875043765],[56.132818952931778,25.36711900908438],[56.133034320969053,25.367602903412401],[56.133118660485231,25.367989869969421],[56.133415179564686,25.368169628703686],[56.133819046751455,25.368598998805904],[56.134787621675272,25.369264001240534],[56.135558273208332,25.370633382155848],[56.13607979442812,25.370698523800652],[56.136562783526387,25.37086974125868],[56.136639169463386,25.370672917590735],[56.136854650458353,25.370772929831187],[56.13711002392089,25.370736202496552],[56.137464694412621,25.370749172606875],[56.137937587569802,25.370766464453837],[56.138268578494795,25.370932118358468],[56.138444850923328,25.371153536281582],[56.138604914896931,25.371359005180899],[56.138804867869709,25.37142773595064],[56.139044032067041,25.371375059182487],[56.139222429258574,25.371166606947899],[56.139335305154162,25.370909695655353],[56.139263081275239,25.37063066194813],[56.139611044951053,25.370413052885795],[56.139688783831687,25.370185566864883],[56.139847572800171,25.370037817964644],[56.140359558431442,25.370041175931856],[56.141085862049906,25.369683839186674],[56.141491875362128,25.369683320291013],[56.141768884114548,25.369539889754282],[56.141797987612932,25.369264559705513],[56.1419973366147,25.368964739549323],[56.142081954910495,25.368687834920514],[56.142046216745292,25.368348714547121],[56.142245563570711,25.368048893962673],[56.142501077003871,25.36724440302503],[56.143389957261896,25.366463031430342],[56.144506949238661,25.366838070195158],[56.145299418742646,25.36666307177525],[56.145968978063301,25.366641976723905],[56.146393289594705,25.366897553643255],[56.146736362961001,25.366902703359361],[56.146836737541939,25.367044388983675],[56.146973967068249,25.367046448556966],[56.147184058747911,25.366815971359344],[56.147619412137338,25.366464271225606],[56.148393307307387,25.366366853468268],[56.148854475585523,25.366482797889951],[56.14918350705517,25.366316402452462],[56.149365506881409,25.365742842235662],[56.149273614764823,25.365134025186347],[56.149690672168234,25.364844345673077],[56.15029618255695,25.364836409342164],[56.151292826959697,25.365050693782706],[56.151951056456127,25.364880265095699],[56.15230600474743,25.364907307422751],[56.164854169402375,25.369891373589628],[56.164789451833748,25.37207627313634],[56.16519360665864,25.374010991854359],[56.165200716460156,25.37876082386185],[56.165313419630799,25.381163448045587],[56.163292708322984,25.384465984717195],[56.163283576307343,25.385790975514755],[56.163277896400665,25.38661504247079],[56.163871169778339,25.388543673669528],[56.165719742322757,25.394552684312089],[56.165757328968006,25.394674859422164],[56.161901213604509,25.400278620941897],[56.161844395584218,25.401307715728841],[56.161391605698,25.402090742946125],[56.15952064817607,25.405044170049948],[56.159352042225734,25.405310316530244],[56.157863377061723,25.407660134424354],[56.156934416966614,25.409713643784038],[56.154149579501478,25.411277890997653],[56.153886113693567,25.411208802677461],[56.153664658937629,25.411341610194878],[56.153560711357095,25.411475430833402],[56.153611415962416,25.411627457761476],[56.153937858015944,25.412160871258379],[56.15391041572272,25.412297766470541],[56.153828115225714,25.412384339779113],[56.153781693867586,25.412513601944639],[56.153812838956384,25.412628738065919],[56.153948673714012,25.412778550420505],[56.153897927819877,25.413031691440604],[56.153909006706137,25.413509032909225],[56.153895048547888,25.413909619147496],[56.153967779659681,25.414157824405532],[56.153852811693184,25.414400151646003],[56.153519573453849,25.414534921296436],[56.1534953112157,25.414655945565098],[56.153553212021635,25.415003580248317],[56.153455749139063,25.415107869426564],[56.153354245533492,25.415206859959422],[56.153471184722804,25.415362426159188],[56.153461295555793,25.415462673075879],[56.153244816338521,25.415626009767603],[56.153190451552341,25.415871723175879],[56.153181893167087,25.4161435351695],[56.152786233900066,25.416357803401635],[56.152581439883349,25.416411928588438],[56.152020072697432,25.416360779856788],[56.151390895479587,25.416265999374424],[56.151329550502894,25.41613520930726],[56.151219084615171,25.416024322029685],[56.150967598529213,25.415954948067288],[56.150845449756908,25.415902331949667],[56.150644120124014,25.415808817558919],[56.150510741802528,25.415786760460652],[56.150345920480156,25.415819706239535],[56.150255637646261,25.415939075009586],[56.150169401174708,25.416012802644744],[56.150022994854567,25.416030268825455],[56.149899495162849,25.416009844925611],[56.149743213367074,25.415974738219802],[56.149601361389337,25.415886391165021],[56.14949268986885,25.415817478800921],[56.149334609529163,25.415791335225684],[56.149161266206789,25.415739513152328],[56.149037328099674,25.415644919397408],[56.148916086627231,25.415536879303676],[56.14882449104649,25.415382800918206],[56.148791735872521,25.4151643582159],[56.148757622560531,25.415029048207],[56.148840776093742,25.414487080664692],[56.148824637399798,25.414262124240082],[56.148847659952068,25.414022189037105],[56.148762907289303,25.413828010283265],[56.148488213286804,25.413639250028538],[56.148294901438113,25.413594373637498],[56.148097833720385,25.413590345694757],[56.14791658538411,25.413641983125533],[56.147750771464203,25.413683929476111],[56.147472584735503,25.413658321939657],[56.147303180012607,25.413446264230558],[56.147201120116314,25.413192703493667],[56.147068965350094,25.413089231876697],[56.146915437745534,25.413002627769028],[56.146495721050513,25.413027336308428],[56.146375033862057,25.412978809285079],[56.14621559088436,25.412764724999167],[56.146136470067212,25.412621054933844],[56.14600640142546,25.412280618800214],[56.145836001102104,25.411901427337572],[56.145639797307581,25.411444580742259],[56.14556172622995,25.411293249142577],[56.145528832997094,25.411098463404354],[56.14550100967854,25.41087840068646],[56.145482674915328,25.410718668945634],[56.145432050542738,25.410540537893294],[56.145297525351879,25.410347146948368],[56.145234229762188,25.410232210516053],[56.145157217487771,25.410220127621891],[56.144964968077133,25.409967717760026],[56.144745834047399,25.409787097392897],[56.144466660174764,25.409547085880625],[56.144170891750825,25.409266346981486],[56.14395841652869,25.40908925070076],[56.143820929508657,25.408947395902061],[56.143764626319594,25.408899083733385],[56.143482402154284,25.408877827585204],[56.143234369349223,25.408884902069264],[56.143003111044777,25.408857947931661],[56.142775421030713,25.408797674760091],[56.142435442259604,25.408413717885175],[56.142486352331268,25.408110182300231],[56.142321117479888,25.407865832375663],[56.142160242180992,25.407748793890079],[56.141976262583299,25.407745153055231],[56.141850438113984,25.407751462933113],[56.141686814520703,25.407669669851856],[56.141408025383846,25.407469827368175],[56.141163699932342,25.407342676324376],[56.140955491163645,25.407163551840895],[56.14085424230511,25.407047336223329],[56.140765704250512,25.406942264638793],[56.140628057446975,25.406883321705632],[56.140430352905369,25.40680087835182],[56.140308927335106,25.406735576257564],[56.140234414356314,25.40665995176478],[56.140072211650512,25.40662407259083],[56.139955589892509,25.406604559377506],[56.139839855414039,25.406585409752346],[56.13979078518048,25.406432614055525],[56.139719348468375,25.406316807783124],[56.139633435474963,25.406248339344824],[56.139487289384071,25.406228235809149],[56.139280364996345,25.406216603104465],[56.139124731666378,25.406222499583222],[56.138908347971594,25.40622703778358],[56.138700750001448,25.406129246497031],[56.138520797148978,25.406198596880301],[56.138188498284521,25.40615550718686],[56.137747397626519,25.408067269175298],[56.136761873203739,25.408242084620486],[56.135354190710274,25.407664926151636],[56.135260941266395,25.407443735629247],[56.135219039607854,25.406974742242401],[56.135156603705184,25.406778897529922],[56.134973249013285,25.406529554171588],[56.134848197829932,25.406369067876259],[56.134701754323629,25.406256004537234],[56.134543063290266,25.406174871975239],[56.134260575100015,25.406084669377144],[56.133971309936932,25.405938063244605],[56.133714731602836,25.40577883115008],[56.133633837806819,25.405647786081676],[56.133661788511787,25.405499867888555],[56.133651360956058,25.405286127354383],[56.133360450450517,25.405351379847652],[56.133103434861198,25.405395911950251],[56.13306962154978,25.405509077147052],[56.132913002348161,25.405416984602336],[56.132833926261696,25.405370180199668],[56.132741123268026,25.405400831261186],[56.132620380090245,25.405382009453923],[56.132481703486462,25.405265622510395],[56.132283845725219,25.405419785239914],[56.132135673106013,25.405447445297394],[56.131885544935209,25.405718641153747],[56.131966086102416,25.40591731116653],[56.131699752139902,25.406011147006712],[56.131559163068452,25.406130225176071],[56.131433067722647,25.406172605475867],[56.131227492599528,25.406598597119942],[56.131034727662481,25.406664883548302],[56.130804675156725,25.406605137911185],[56.130639685316787,25.406544501626858],[56.129855200776589,25.40641344174449],[56.129603462916144,25.406409223701132],[56.129547702889496,25.406479858924492],[56.129449082915265,25.406552647729296],[56.129323323156079,25.406620969369371],[56.129137087955861,25.406641177899449],[56.128969282520693,25.40662675542649],[56.128755909613929,25.406642495416005],[56.128541255231418,25.406594433744431],[56.128318050553133,25.406659427273425],[56.127899853357519,25.406577849557394],[56.127707423512859,25.406558882908268],[56.127429838430949,25.406475020021873],[56.126171781946162,25.407086900068439],[56.125871383336595,25.407383101889788],[56.126102984199619,25.408033716869497],[56.126104254484787,25.408463957927406],[56.126134870860938,25.40859527519811],[56.126576142474292,25.409057051138127],[56.126546798274198,25.40935597500194],[56.126677636944557,25.409772233594271],[56.126846537738523,25.410127758024601],[56.1269042155322,25.410263348087817],[56.127193680768727,25.41049877857656],[56.127014936012969,25.410850001648328],[56.127124451586262,25.41108498931937],[56.127375678684089,25.411301733447409],[56.127568657291519,25.411458686584439],[56.127666925360153,25.411600685585423],[56.127894968935657,25.412171950558246],[56.124757308040522,25.417101696086803],[56.124585096757514,25.417334869392032],[56.124333158096967,25.417422951651648],[56.124038344287939,25.417441640432518],[56.123831149957262,25.417360165653896],[56.123772538293913,25.417300999919487],[56.123655552971137,25.417333798002382],[56.12338058385339,25.417091051526047],[56.123132867441868,25.417003489933595],[56.122867587568372,25.417002178855974],[56.122602021473888,25.417012665876751],[56.122350200270397,25.417176308607115],[56.122187874625091,25.417000839849933],[56.121996538414813,25.41698469922326],[56.121861346699717,25.41688884997998],[56.121665549712858,25.41689722105118],[56.12147867779435,25.416856566754738],[56.121326565151911,25.416832139080817],[56.121140471136862,25.416726182007793],[56.120939501165147,25.416695875889872],[56.120670650492933,25.416677170477797],[56.120545846302157,25.416628090289464],[56.12029789680615,25.416599521279739],[56.119978470319417,25.416438866981697],[56.119675297031776,25.416497599709743],[56.119628036701357,25.416494835224842],[56.119584334847964,25.416288910132415],[56.119427674143083,25.416178702577842],[56.119277240432382,25.416086766261113],[56.119143947216394,25.416058078644838],[56.119031476643563,25.415967509160531],[56.118875723850721,25.415952760697998],[56.118631657948953,25.415929105497064],[56.118426241246581,25.415850579423086],[56.118216367311462,25.415740904761758],[56.118089989761565,25.41567424991932],[56.117923081179548,25.415649180065365],[56.117901266410406,25.415871269665754],[56.117920871102591,25.41602590341779],[56.117899400772878,25.41617003359627],[56.117841505446712,25.41630435901131],[56.11778744931474,25.416417591014298],[56.11765969488691,25.416463412128586],[56.117605599146692,25.416550634088598],[56.117451446037158,25.416557818311702],[56.117162533412497,25.416574229740977],[56.116977812246347,25.416790071607892],[56.116912541569434,25.417439832311789],[56.116630668591817,25.417518844993399],[56.11652430417157,25.417864629641134],[56.116283585603192,25.418006165504377],[56.116193751271553,25.41802734404202],[56.11596213247708,25.418040226429003],[56.115734513177408,25.418136054966066],[56.11542540644917,25.418199597555489],[56.115114865859567,25.41827863608982],[56.114908916713944,25.418360382539404],[56.114715182538177,25.418396898380532],[56.114584233467291,25.418381561493799],[56.114499699363449,25.418321188516394],[56.114399602148268,25.418215138803699],[56.114429200545246,25.418052629130017],[56.114224590182957,25.4180157885569],[56.114034084212712,25.41806518243785],[56.113914166055167,25.418172853474982],[56.113818184327322,25.41822777883722],[56.113690347565495,25.418221576506667],[56.113542339212003,25.418195008284123],[56.113339305008587,25.418155839049334],[56.113127547194011,25.41798100505012],[56.112968361650132,25.417852759030666],[56.112759951687323,25.417843118630298],[56.112426894881217,25.417888430665275],[56.111799126729288,25.417996016578009],[56.111591578984694,25.417948487594582],[56.111390022272722,25.417999944992804],[56.111094015201509,25.418075356988844],[56.110879703523899,25.418064954928852],[56.110517365924693,25.41807590733772],[56.110285516314562,25.418062869903345],[56.109915210668539,25.417979943017368],[56.109581212255826,25.417864136116091],[56.109212019170144,25.417712634928382],[56.108816678857146,25.417551962461754],[56.108578464813348,25.417541522300205],[56.108366579978714,25.417497662041015],[56.108153504497949,25.417377529637154],[56.107934699961071,25.417310682736552],[56.107635287615729,25.41722921616709],[56.107453466666819,25.417125052249922],[56.107282939509567,25.416893117002399],[56.10632533847506,25.416882432345737],[56.105777202476332,25.416761282003389],[56.105541496264166,25.417451932330462],[56.105219030015249,25.417311952308701],[56.104988801423474,25.417433171806284],[56.104843920965848,25.417846934415699],[56.104767998836486,25.418001574641963],[56.104474526559528,25.418301462443413],[56.10427906187924,25.418426478339864],[56.104005080768367,25.41855605760755],[56.103671998482135,25.418675845120227],[56.103374927262735,25.418690517132497],[56.103107733994463,25.418546326741925],[56.102915432688533,25.418522308420002],[56.102723094386732,25.418416794079324],[56.102529619761079,25.418343669042766],[56.10225410664151,25.41836479496893],[56.101929466492969,25.418506911293619],[56.101691214908811,25.41871902536516],[56.10149677431145,25.419058605293927],[56.101401327204179,25.419329220467951],[56.101359868271729,25.419681977239684],[56.101357655146707,25.419882583110308],[56.101409559375341,25.420082142818185],[56.101439534382671,25.420163637387702],[56.101429265281638,25.420373647367423],[56.101443128212033,25.420473950168581],[56.101325736072134,25.420599335442144],[56.096168062038224,25.421551961214856],[56.095414601667095,25.422585759379867],[56.095040585498666,25.422845470666221],[56.094427080735571,25.422968464254105],[56.094398725983112,25.423073618304045],[56.094575335635973,25.423352408114038],[56.095093797738976,25.42374511000898],[56.094749674041751,25.423916725898213],[56.094450545997226,25.423853146652288],[56.094257271162199,25.424025451570536],[56.094063576305615,25.423864805658265],[56.093734553312466,25.423889319245994],[56.093503389521004,25.423949475248236],[56.093037099367571,25.42444982827476],[56.093057132412511,25.424671590597285],[56.093244068057103,25.424855158126388],[56.093310335553177,25.42506488898335],[56.093498667860928,25.425249970997484],[56.093774682052306,25.425581462724331],[56.093958077122167,25.426040068638869],[56.094384196692779,25.426042666590451],[56.095005581851375,25.426425704637001],[56.095198070234602,25.426565922725032],[56.095266654747967,25.426801240464172],[56.095155776151095,25.427147521760386],[56.094983788952824,25.427443698261186],[56.094799468918609,25.427603406229625],[56.094832965404933,25.427890126220152],[56.094841238655711,25.42796093601914],[56.094994334229938,25.428183516810549],[56.094875050479473,25.428329792571599],[56.094862260414715,25.428502479243765],[56.094818955092897,25.428651679998225],[56.095061229574597,25.429028617371934],[56.094943950201028,25.429406585310634],[56.095153180110202,25.429623844575268],[56.095210822617076,25.429842804137429],[56.09546186551686,25.430203318094886],[56.095799231945541,25.430375675141963],[56.096145381296004,25.430435749586419],[56.096409457177366,25.430727422714206],[56.096559269503921,25.431128422450556],[56.096792986760782,25.431396068516289],[56.097203874615282,25.431648812061525],[56.097439678153854,25.431639825965995],[56.097713272711033,25.431716218588527],[56.098013872634681,25.431588827328849],[56.098259226952472,25.431476087732424],[56.098432925297139,25.431617703423345],[56.098440634635082,25.431702996169456],[56.098655791382591,25.431884455599732],[56.09879758230587,25.431882474703038],[56.098922734052337,25.432010534400941],[56.099073153675775,25.43199932256924],[56.099233077606982,25.432082831536789],[56.099361611851933,25.4320389046052],[56.099497084205041,25.432071740447668],[56.099601120294274,25.432175613717941],[56.100581968991662,25.432660639407494],[56.100803642083349,25.432894353520808],[56.100956375742562,25.432908728305158],[56.101257694942404,25.433100933976476],[56.10145897947946,25.433128862886292],[56.101811639904049,25.433574844134096],[56.102054056957286,25.433324928475422],[56.10238170940962,25.433180285876126],[56.102600254114002,25.433189752393808],[56.102912189238666,25.433080627248099],[56.103177416748686,25.432741424420211],[56.103448512525034,25.432704038452144],[56.103634851138544,25.432776011130414],[56.104174728749769,25.432675647610854],[56.10422308816549,25.432268462710219],[56.104349307187107,25.43219894288611],[56.10453810460691,25.432193451374708],[56.104704665122803,25.432242425890738],[56.10484462308419,25.43242948534559],[56.105083512211024,25.43245460437128],[56.105936285421755,25.432674370460933],[56.106085307595279,25.432543041224545],[56.106205981391625,25.432516868233698],[56.106335913875157,25.432593045393578],[56.106382004987807,25.432684062359797],[56.107321680488674,25.43322585113367],[56.107402149811783,25.433382998318624],[56.108123172888114,25.433715622036082],[56.108257867261578,25.434257012683737],[56.10832107841545,25.434432620028733],[56.10850110739532,25.434539406329449],[56.108750510616517,25.434565221702442],[56.108960429633882,25.434583909189723],[56.109248015448173,25.434519521182061],[56.109497226071689,25.43444940892735],[56.109801158691852,25.434461081780263],[56.110064258894468,25.434544494577842],[56.110230117558217,25.434703856953846],[56.11035900164309,25.434977605949804],[56.110321887176319,25.435195045269875],[56.110509488428782,25.435380014988084],[56.110908775827696,25.436131625000801],[56.111366278118815,25.436684035971474],[56.111414272347098,25.437109795639195],[56.11157704910368,25.437235039318463],[56.111645128126703,25.437352388743719],[56.111473939499696,25.437520147785168],[56.111705751795206,25.4377085113932],[56.111889787826264,25.43775488730229],[56.112157666524617,25.437786419892568],[56.112278066864825,25.437966346207695],[56.112309993775206,25.438109939782489],[56.112489121324231,25.438311244156992],[56.112445833641623,25.438460450404019],[56.11253789135511,25.439077811612002],[56.112912840708972,25.439887048683094],[56.113048698234095,25.440080848214627],[56.113489479103094,25.440366938688587],[56.113866989547297,25.441134441975908],[56.113742590269482,25.441524765909126],[56.113835363331184,25.441691127567708],[56.11418821781816,25.442190739406051],[56.114358633461926,25.4426945934005],[56.115165643096937,25.443374979997021],[56.11532245683042,25.443858362429374],[56.115344862921027,25.444432524159158],[56.114911897668001,25.445222967866073],[56.115337651077063,25.447312276738202],[56.116252354718519,25.447915860911635],[56.116476481557356,25.448063037309034],[56.117166919694405,25.448435527783442],[56.117641083820097,25.448932825887582],[56.118408554940004,25.449094074658028],[56.118694673076071,25.449011250886045],[56.119609553338378,25.449277812948591],[56.120027205681616,25.449151019476258],[56.120288835663075,25.44921343753261],[56.12070206726569,25.449619664988766],[56.121800788539403,25.449567410409767],[56.121903745522651,25.44932499980974],[56.122190174134715,25.448996286771926],[56.122489202460862,25.448557362085772],[56.122631286507314,25.448546751249332],[56.122858042219768,25.448708878220323],[56.123338381038849,25.448775446000674],[56.123544692683176,25.44922443729217],[56.123695995370966,25.44931557849851],[56.123804959098202,25.449596167392482],[56.124440704926563,25.449965278281351],[56.124640465893393,25.45017572841682],[56.124751717624584,25.450406448356134],[56.12475911734041,25.450572309820469],[56.124549933406421,25.450922575881062],[56.124618876730331,25.451101821710946],[56.124705537742393,25.452059886641454],[56.124665957454631,25.452535700944232],[56.124542923726338,25.452756601971036],[56.124604288133753,25.453018367208099],[56.124918658320674,25.453160407295268],[56.12492255260937,25.453535734456104],[56.125118630997235,25.453705483372396],[56.125206894346228,25.454677192443523],[56.12509614335378,25.455199562342344],[56.125222869570266,25.455517909629748],[56.125235268688478,25.456070166196447],[56.125412825148793,25.45653065549708],[56.125552155082005,25.456738789492292],[56.125596822913863,25.456899360042609],[56.125951801953342,25.457077726889491],[56.12613993716932,25.457481503030944],[56.126121703621834,25.457612624642664],[56.126321980698528,25.457728763227173],[56.126634853673842,25.457691733187467],[56.126791189988396,25.457755177812022],[56.126848972767505,25.457894278938181],[56.127076407344312,25.457911436408665],[56.127375150376771,25.458216932016725],[56.127270299535056,25.458554192827684],[56.127024390206628,25.458760391490852],[56.127326037194095,25.458836864619421],[56.12747743570651,25.459168207971572],[56.127631213736343,25.459286479426201],[56.12805125315424,25.459268757904951],[56.128239350952285,25.459350317574909],[56.128618423353615,25.459711274202284],[56.128910867166773,25.460100688195372],[56.129486852845517,25.460474248193851],[56.129682630776124,25.46039132559704],[56.130950238766182,25.46033758207555],[56.131456315148014,25.460403925322627],[56.131867746641092,25.460291224522681],[56.132398449695025,25.460497422152507],[56.132806707571874,25.460432762355847],[56.133033435290692,25.460525087446445],[56.13340922166001,25.460517488109854],[56.134920563342796,25.461068077325276],[56.135017922750094,25.461411239090488],[56.135623936823457,25.461679438288108],[56.135778532405638,25.461640562887673],[56.136309247426077,25.461846746663188],[56.136369505123525,25.462012979119955],[56.136811435948857,25.462315619622402],[56.137147892994363,25.462372417212645],[56.137875162336954,25.462913596077264],[56.137890976607963,25.46325388778537],[56.137962159074483,25.463484136076953],[56.138081093081091,25.463781156234258],[56.138360011493226,25.463982782072339],[56.138565111179837,25.464384599997789],[56.138973373073391,25.464659984872451],[56.139206800316963,25.464698148924132],[56.139454914053395,25.464891407398962],[56.139755520110391,25.464994073854122],[56.140050924629577,25.465208369090195],[56.140091219579347,25.465483459301669],[56.13997547740361,25.465728503106043],[56.139980303966304,25.46595062483102],[56.139870826026183,25.466264725994126],[56.140051743838988,25.466560264822363],[56.140592239504777,25.466603273119677],[56.140942295130976,25.466743955395877],[56.14123520050093,25.466930625749885],[56.141139700216684,25.46722977670985],[56.141182505669185,25.467532489247905],[56.141507954592932,25.467733277190998],[56.141652342493053,25.467972771410771],[56.141673467572616,25.468374440945855],[56.141732755802067,25.468689826519508],[56.141814609208303,25.469253815500114],[56.141968925573941,25.469773477821615],[56.141886146416184,25.470043867516129],[56.142092704594241,25.470292616520922],[56.142206640485135,25.470534388306131],[56.142455740864229,25.471005936667943],[56.142419006648581,25.471234643781628],[56.142184080538527,25.471391266475575],[56.14187685995887,25.471425063419488],[56.141780204483425,25.47174271003264],[56.136575989700034,25.478945101578997],[56.133278147715949,25.479648045646915],[56.132456280440543,25.477728859985337],[56.121890720718859,25.473738029875129],[56.121314846657953,25.474702124554835],[56.120934055596649,25.47533961325788],[56.119242885371165,25.475347531787484],[56.117661520804575,25.479392424915371],[56.102489467826999,25.49296247996832],[56.097426394854047,25.495486836115266],[56.094123778181149,25.49408491792283],[56.090396644004187,25.492255895344254],[56.085536391294013,25.492073241694214],[56.080385527449351,25.493488222427377],[56.075732799483198,25.49303457640444],[56.071650468597163,25.493213681107267],[56.067166666168397,25.493410267810692],[56.062513374515767,25.493037467327479],[56.059947765089063,25.492876569617948],[56.054552200884871,25.492011153461831],[56.052686843698766,25.49136703742175],[56.048916527071064,25.491081507031218],[56.039910185801148,25.490399048797645],[56.039536683370237,25.490388148045774],[56.028020865434826,25.490051578977123],[56.019967572760862,25.489815669662782],[56.018661850617491,25.4910630733959],[56.004819372622016,25.504284931383204],[55.996451218234604,25.512275808158215],[55.990213724792014,25.512097527475483],[55.990215134250221,25.512475946008756],[55.990305023930702,25.517865432258052],[55.991219515321575,25.517955618052945],[55.989130407346522,25.53223145520127],[55.989102296655467,25.532423524761775],[55.988411654535156,25.537142129914898],[55.986157047485634,25.540142408056354],[55.981676876579513,25.550910636733228],[55.981737318225456,25.552546640925701],[55.982203448664379,25.565162862698028],[55.983983973411959,25.577110977808655],[55.985567125654754,25.587732857942285],[55.978597813940297,25.587684357401979],[55.976658659915174,25.599509163925791],[55.976146932320574,25.602629199519054],[55.975460417017771,25.606839127629506],[55.975456276940285,25.606839876049655],[55.97451218854814,25.612595096930644],[55.982318873547754,25.611539037001634],[55.982325172204241,25.611768484735091],[55.982460028559657,25.613094334673281],[55.982680885369987,25.616189794012524],[55.982699025069806,25.616751377157527],[55.982462518052401,25.616771957603852],[55.982623308366875,25.622629307131263],[55.982705629829113,25.622611663371259],[55.985357200879463,25.622043343309176],[55.988003269653206,25.620057155668835],[55.989380249655447,25.619546733874532],[55.990213665176668,25.624867081488055],[55.998147128287904,25.619440809972506],[55.99916486419783,25.616802638194155],[56.000182930142117,25.614163482638983],[56.003357272629195,25.610871342731265],[56.003844251405653,25.611113172375202],[56.004071132500961,25.611225838785007],[56.004675285047973,25.611525849992944],[56.00455460794236,25.611685716920327],[56.004122559340168,25.612258069425494],[56.004212816755505,25.612357620369789],[56.004645940745057,25.612835336983093],[56.005119298267047,25.613357424403706],[56.005945933483986,25.613076055443969],[56.006367676718945,25.612932500896548],[56.006791515918252,25.612935381493823],[56.00866217966162,25.610139260689401],[56.010415160822255,25.608797362163568],[56.012680575706923,25.611846591866122],[56.013355584375496,25.612251108562369],[56.014295920304555,25.61281462071673],[56.021103012453139,25.611523347010912],[56.041923911638314,25.607571563456272],[56.058238585079479,25.608508294187732],[56.061147742631618,25.613448127252298],[56.062369517959183,25.616408641338527],[56.064790463602179,25.617579938391927],[56.070916235929545,25.613618900298079],[56.074126095544074,25.637382596872968],[56.074529530546137,25.640368770921757],[56.072901882104247,25.644088271170567],[56.092405271761265,25.639009733663833],[56.103832901314682,25.638378436873968],[56.11249392401001,25.637899374786613],[56.114448364951294,25.634653580778238],[56.11820990687378,25.632945704638747],[56.118441180140806,25.631482726884819],[56.119550087785903,25.630624093842737],[56.12053654351736,25.631428789003017],[56.121514290237116,25.630840412213388],[56.121655981185597,25.631278588167248],[56.12138641039008,25.631923318573907],[56.120627630537413,25.635296572239326],[56.119834481279867,25.636505532859115],[56.11994353289608,25.637190528332372],[56.118750907182928,25.638422899731722],[56.118747676990097,25.638427346301906],[56.129258838436101,25.640796210445508],[56.148618144612108,25.637388764794899],[56.153412548851833,25.62282463648577],[56.167070066476491,25.621042996582389],[56.179751567000366,25.62098508535508],[56.159739331366751,25.675715581720716],[56.155680267450172,25.686809763393811],[56.164857263056362,25.716932052138237],[56.167578054732331,25.725859804115721],[56.166683925243767,25.729571058405512],[56.160436683225022,25.755494360860368],[56.156435326209397,25.761240445291349],[56.155571650313028,25.781361730365884],[56.154853985245929,25.798074297541543],[56.141408940722521,25.812612551171384],[56.141585812888074,25.827861178854103],[56.151150053058771,25.841163657878209],[56.152654035904533,25.848029801008092],[56.162958019160122,25.857926078581343],[56.16427288999585,25.86529693116109],[56.159955012276889,25.8755397542362],[56.169338512760049,25.887190982914692],[56.178125575686664,25.89246839761784],[56.179756948072082,25.917153032436502],[56.173094652110258,25.918857577356029],[56.172903270265415,25.928468006760646],[56.16936340254238,25.933469859426658],[56.165464007735963,25.939607324180798],[56.165920383066414,25.947745700790222],[56.170684071450204,25.946785157269805],[56.180540106383781,25.952943157496929],[56.191337430182429,25.972006727039673],[56.187636746909774,25.986630310373062],[56.180374762634727,25.995364430303326],[56.181718918901517,26.005541567008905],[56.181689710864951,26.019023472465115],[56.171176010817341,26.023321970298227],[56.173088997037077,26.02559934136152],[56.17178979768331,26.027509704117232],[56.170088464010078,26.031625826639431],[56.168516961992339,26.035568416806431],[56.165067136957255,26.041301543410015],[56.164018939551895,26.043968652000402],[56.162390950062488,26.046748604939271],[56.161318765649604,26.049357402766923],[56.16381485485153,26.054601914152425],[56.161617670992463,26.055983905242002],[56.159335731991909,26.060212803438045],[56.156824566408304,26.063636995656463],[56.156022971184406,26.067410090909004],[56.153065627062603,26.069351639044378]],[[56.02559183496642,25.767058548527089],[56.025591974974297,25.76705886549108],[56.025594241493735,25.767057285182215],[56.025594101485851,25.767056968218224],[56.02559183496642,25.767058548527089]],[[55.931297184005523,25.650978638815257],[55.931319208860081,25.65096990525257],[55.93128111371152,25.650942385909158],[55.931297184005523,25.650978638815257]],[[55.927433951248553,25.64816654466599],[55.927446872518779,25.648172560088607],[55.927435035829916,25.648164009078197],[55.927433951248553,25.64816654466599]],[[55.936734775069986,25.642775234036591],[55.936713002019246,25.642775212763112],[55.936784536099182,25.642777511430722],[55.936864264990717,25.642761179014119],[55.936842948229163,25.642765198093159],[55.936821490933426,25.642768551587608],[55.936799920045438,25.642771234275973],[55.936778259494936,25.642773243623623],[55.936756536191851,25.642774578020571],[55.936734775069986,25.642775234036591]],[[55.936669521754446,25.642773136378779],[55.93664786631215,25.642771084353715],[55.936626301504383,25.642768359397724],[55.93660485320499,25.642764964408027],[55.936583545287704,25.642760903170295],[55.936562404606427,25.642756180394752],[55.936541455010833,25.642750802575716],[55.936614540466564,25.642772048923746],[55.936691241949418,25.642774513478564],[55.936669521754446,25.642773136378779]],[[55.936442038206387,25.642721901700384],[55.936520721354675,25.642744775311812],[55.936500229463732,25.642738106917623],[55.936480001203535,25.642730802970068],[55.936460062375801,25.642722874492353],[55.936440435826093,25.642714328874426],[55.936421144359919,25.642705178020631],[55.936402210806762,25.642695431126679],[55.936383658960146,25.642685101007075],[55.936365508645338,25.642674198641508],[55.936442038206387,25.642721901700384]],[[55.941223663706047,25.64270701109265],[55.941222898541589,25.642703527446091],[55.941182719536378,25.642702670015744],[55.941142590412944,25.642700675239976],[55.941223663706047,25.64270701109265]],[[55.941037250390295,25.642692443299218],[55.941102548998735,25.64269754610191],[55.941062635121291,25.642693284696318],[55.94102288758819,25.642687895819375],[55.940983345206924,25.642681384267316],[55.941037250390295,25.642692443299218]],[[55.933143880736139,25.640625719781486],[55.933109690477124,25.640606783850732],[55.933049637558852,25.64057606623593],[55.933143880736139,25.640625719781486]],[[55.922061385921026,25.632741701501235],[55.922096005358817,25.632775400611859],[55.922080536992027,25.632729245119858],[55.922061385921026,25.632741701501235]]]]},"properties":{"FID":0,"SHAPE_Leng":516161.99100899999,"SHAPE_Area":2490461754.3899999}}]
}